,,,,,,Playing Time,Playing Time,Playing Time,Playing Time,Performance,Performance,Performance,Performance,Performance,Performance,Performance,Per 90 Minutes,Per 90 Minutes,Per 90 Minutes,Per 90 Minutes,Per 90 Minutes,Expected,Expected,Expected,Expected,Per 90 Minutes,Per 90 Minutes,Per 90 Minutes,Per 90 Minutes,Per 90 Minutes,,-additional
Rk,Player,Pos,Squad,Age,Born,MP,Starts,Min,90s,Gls,Ast,G-PK,PK,PKatt,CrdY,CrdR,Gls,Ast,G+A,G-PK,G+A-PK,xG,npxG,xA,npxG+xA,xG,xA,xG+xA,npxG,npxG+xA,Matches,-9999
1,Patrick van Aanholt,DF,nl Netherlands,30,1990,4,4,297,3.3,0,0,0,0,0,0,0,0.00,0.00,0.00,0.00,0.00,0.3,0.3,0.4,0.7,0.08,0.13,0.21,0.08,0.21,Matches,5f09991f
2,Francesco Acerbi,DF,it Italy,32,1988,3,1,232,2.6,0,1,0,0,0,0,0,0.00,0.39,0.39,0.00,0.39,0.0,0.0,0.3,0.3,0.02,0.12,0.14,0.02,0.14,Matches,b96b595c
3,Che Adams,FW,sct Scotland,24,1996,3,2,213,2.4,0,0,0,0,0,0,0,0.00,0.00,0.00,0.00,0.00,0.7,0.7,0.4,1.1,0.29,0.18,0.47,0.29,0.47,Matches,f2bf1b0f
4,Arijan Ademi,MF,mk North Macedonia,29,1991,3,3,251,2.8,0,0,0,0,0,0,0,0.00,0.00,0.00,0.00,0.00,0.2,0.2,0.0,0.3,0.08,0.01,0.09,0.08,0.09,Matches,ee926a02
5,Manuel Obafemi Akanji,DF,ch Switzerland,25,1995,5,5,510,5.7,0,0,0,0,0,1,0,0.00,0.00,0.00,0.00,0.00,0.4,0.4,0.0,0.4,0.07,0.01,0.08,0.07,0.08,Matches,89ac64a6
6,Nathan Aké,DF,nl Netherlands,25,1995,2,0,54,0.6,0,1,0,0,0,0,0,0.00,1.67,1.67,0.00,1.67,0.0,0.0,0.0,0.1,0.05,0.05,0.10,0.05,0.10,Matches,eaeca114
7,David Olatukunbo Alaba,DF,at Austria,28,1992,4,4,390,4.3,0,2,0,0,0,1,0,0.00,0.46,0.46,0.00,0.46,0.2,0.2,0.8,1.0,0.04,0.19,0.23,0.04,0.23,Matches,05439de2
8,Jordi Alba Ramos,DF,es Spain,31,1989,6,5,554,6.2,0,1,0,0,0,1,0,0.00,0.16,0.16,0.00,0.16,0.1,0.1,1.5,1.5,0.01,0.24,0.25,0.01,0.25,Matches,4601e194
9,Thiago Alcântara do Nascimento,MF,es Spain,29,1991,4,0,68,0.8,0,0,0,0,0,0,0,0.00,0.00,0.00,0.00,0.00,0.1,0.1,0.1,0.2,0.09,0.16,0.25,0.09,0.25,Matches,77e84962
10,Toby Alderweireld,DF,be Belgium,31,1989,4,4,360,4.0,0,0,0,0,0,1,0,0.00,0.00,0.00,0.00,0.00,0.0,0.0,0.0,0.0,0.01,0.00,0.01,0.01,0.01,Matches,f7d50789
11,Nikolai Alho,DF,fi Finland,27,1993,1,0,21,0.2,0,0,0,0,0,0,0,0.00,0.00,0.00,0.00,0.00,0.0,0.0,0.0,0.0,0.03,0.00,0.03,0.03,0.03,Matches,fd6108bc
12,Ezgjan Alioski,DF,mk North Macedonia,28,1992,3,3,270,3.0,1,0,1,0,1,2,0,0.33,0.00,0.33,0.33,0.33,0.9,0.0,0.2,0.3,0.31,0.08,0.39,0.01,0.09,Matches,1a7fcf39
13,Joe Allen,MF,wls Wales,30,1990,4,4,337,3.7,0,0,0,0,0,1,0,0.00,0.00,0.00,0.00,0.00,0.1,0.1,0.0,0.1,0.02,0.00,0.02,0.02,0.02,Matches,9feb8f24
14,Ethan Ampadu,DFMF,wls Wales,20,2000,3,1,73,0.8,0,0,0,0,0,0,1,0.00,0.00,0.00,0.00,0.00,0.0,0.0,0.0,0.0,0.00,0.04,0.04,0.00,0.04,Matches,10b9fa99
15,Joachim Andersen,DF,dk Denmark,24,1996,3,0,66,0.7,0,0,0,0,0,0,0,0.00,0.00,0.00,0.00,0.00,0.1,0.1,0.0,0.1,0.10,0.00,0.10,0.10,0.10,Matches,e34fc66d
16,Paulus Arajuuri,DF,fi Finland,32,1988,3,3,270,3.0,0,0,0,0,0,0,0,0.00,0.00,0.00,0.00,0.00,0.1,0.1,0.0,0.1,0.03,0.00,0.03,0.03,0.03,Matches,7e6b3664
17,Stuart Armstrong,MF,sct Scotland,28,1992,3,2,150,1.7,0,0,0,0,0,0,0,0.00,0.00,0.00,0.00,0.00,0.1,0.1,0.3,0.4,0.04,0.20,0.24,0.04,0.24,Matches,97333cf5
18,Marko Arnautović,FW,at Austria,31,1989,3,2,217,2.4,1,0,1,0,0,1,0,0.41,0.00,0.41,0.41,0.41,1.4,1.4,0.2,1.7,0.60,0.09,0.69,0.60,0.69,Matches,00459419
19,Ludwig Augustinsson,DF,se Sweden,26,1994,4,4,349,3.9,0,0,0,0,0,0,0,0.00,0.00,0.00,0.00,0.00,0.1,0.1,0.0,0.1,0.02,0.01,0.03,0.02,0.03,Matches,9fec8860
20,Daniel Avramovski,MF,mk North Macedonia,25,1995,1,0,14,0.2,0,0,0,0,0,1,0,0.00,0.00,0.00,0.00,0.00,0.0,0.0,0.0,0.0,0.17,0.00,0.17,0.17,0.17,Matches,8fdebe11
21,Kaan Ayhan,MFDF,tr Turkey,26,1994,3,2,180,2.0,0,0,0,0,0,0,0,0.00,0.00,0.00,0.00,0.00,0.1,0.1,0.3,0.4,0.06,0.15,0.21,0.06,0.21,Matches,2200181e
22,César Azpilicueta Tanco,DF,es Spain,31,1989,4,4,400,4.4,1,0,1,0,0,0,0,0.23,0.00,0.23,0.23,0.23,0.5,0.5,0.3,0.8,0.12,0.06,0.18,0.12,0.18,Matches,53cad200
23,Daniel Bachmann,GK,at Austria,26,1994,4,4,390,4.3,0,0,0,0,0,1,0,0.00,0.00,0.00,0.00,0.00,0.0,0.0,0.0,0.0,0.00,0.00,0.00,0.00,0.00,Matches,1c0eea98
24,Gareth Frank Bale,MFFW,wls Wales,31,1989,4,4,355,3.9,0,2,0,0,1,1,0,0.00,0.51,0.51,0.00,0.51,1.8,1.0,1.6,2.6,0.46,0.39,0.85,0.27,0.66,Matches,a58bb1e1
25,Antonín Barák,MF,cz Czech Republic,26,1994,3,2,183,2.0,0,0,0,0,0,0,0,0.00,0.00,0.00,0.00,0.00,0.1,0.1,0.3,0.4,0.07,0.14,0.20,0.07,0.20,Matches,01efac19
26,Enis Bardhi,MF,mk North Macedonia,25,1995,3,3,234,2.6,0,0,0,0,0,0,0,0.00,0.00,0.00,0.00,0.00,0.2,0.2,0.4,0.6,0.07,0.14,0.22,0.07,0.22,Matches,cac2537b
27,Nicolò Barella,MF,it Italy,23,1997,6,6,469,5.2,1,1,1,0,0,2,0,0.19,0.19,0.38,0.19,0.38,0.3,0.3,0.4,0.7,0.06,0.07,0.14,0.06,0.14,Matches,6928979a
28,Dmitriy Barinov,DFMF,ru Russia,24,1996,2,2,135,1.5,0,0,0,0,0,1,0,0.00,0.00,0.00,0.00,0.00,0.0,0.0,0.0,0.0,0.00,0.00,0.00,0.00,0.00,Matches,d7c09951
29,Borna Barišić,DF,hr Croatia,28,1992,1,0,21,0.2,0,0,0,0,0,0,0,0.00,0.00,0.00,0.00,0.00,0.0,0.0,0.0,0.0,0.00,0.00,0.00,0.00,0.00,Matches,712dd708
30,Alessandro Bastoni,DF,it Italy,21,1999,1,1,90,1.0,0,0,0,0,0,0,0,0.00,0.00,0.00,0.00,0.00,0.0,0.0,0.4,0.4,0.00,0.42,0.42,0.00,0.42,Matches,75b86fb3
31,Michy Batshuayi Tunga,MF,be Belgium,27,1993,1,0,15,0.2,0,0,0,0,0,0,0,0.00,0.00,0.00,0.00,0.00,0.0,0.0,0.0,0.0,0.00,0.00,0.00,0.00,0.00,Matches,2973d8ff
32,Julian Baumgartlinger,MF,at Austria,33,1988,1,0,1,0.0,0,0,0,0,0,0,0,0.00,0.00,0.00,0.00,0.00,0.0,0.0,0.0,0.0,0.00,0.00,0.00,0.00,0.00,Matches,69374ff5
33,Christoph Baumgartner,FW,at Austria,21,1999,4,4,246,2.7,1,0,1,0,0,0,0,0.37,0.00,0.37,0.37,0.37,0.3,0.3,0.1,0.3,0.11,0.02,0.13,0.11,0.13,Matches,437f2b00
34,Jan Bednarek,DF,pl Poland,24,1996,3,3,264,2.9,0,0,0,0,0,0,0,0.00,0.00,0.00,0.00,0.00,0.1,0.1,0.0,0.1,0.05,0.00,0.05,0.05,0.05,Matches,4115ce4e
35,Egzon Bejtulai,DFMF,mk North Macedonia,27,1994,1,0,28,0.3,0,0,0,0,0,0,0,0.00,0.00,0.00,0.00,0.00,0.0,0.0,0.0,0.0,0.00,0.00,0.00,0.00,0.00,Matches,7300a331
36,Jude Bellingham,MF,eng England,17,2003,3,0,58,0.6,0,0,0,0,0,0,0,0.00,0.00,0.00,0.00,0.00,0.0,0.0,0.0,0.0,0.00,0.00,0.00,0.00,0.00,Matches,57d88cf9
37,Andrea Belotti,FW,it Italy,27,1993,6,1,220,2.4,0,0,0,0,0,0,0,0.00,0.00,0.00,0.00,0.00,1.1,1.1,0.0,1.2,0.46,0.01,0.48,0.46,0.48,Matches,d705ba44
38,László Bénes,MF,sk Slovakia,23,1997,2,0,15,0.2,0,0,0,0,0,0,0,0.00,0.00,0.00,0.00,0.00,0.0,0.0,0.0,0.0,0.00,0.26,0.26,0.00,0.26,Matches,fe888e39
39,Pierre Bengtsson,DFMF,se Sweden,32,1988,3,0,48,0.5,0,0,0,0,0,0,0,0.00,0.00,0.00,0.00,0.00,0.0,0.0,0.0,0.0,0.00,0.00,0.00,0.00,0.00,Matches,d1992a3b
40,Loris Benito,DF,ch Switzerland,29,1992,1,0,6,0.1,0,0,0,0,0,0,0,0.00,0.00,0.00,0.00,0.00,0.0,0.0,0.0,0.0,0.00,0.00,0.00,0.00,0.00,Matches,f5b6fb78
41,Christian Benteke Liolo,FW,be Belgium,30,1990,1,0,7,0.1,0,0,0,0,0,0,0,0.00,0.00,0.00,0.00,0.00,0.0,0.0,0.0,0.0,0.00,0.00,0.00,0.00,0.00,Matches,ab070c55
42,Karim Benzema,FW,fr France,33,1987,4,4,346,3.8,4,0,3,1,1,0,0,1.04,0.00,1.04,0.78,0.78,3.0,2.2,0.2,2.5,0.78,0.06,0.84,0.58,0.65,Matches,70d74ece
43,Domenico Berardi,FW,it Italy,26,1994,6,3,374,4.2,0,1,0,0,0,1,0,0.00,0.24,0.24,0.00,0.24,1.1,1.1,1.1,2.2,0.27,0.26,0.52,0.27,0.52,Matches,53a0e358
44,Bartosz Bereszyński,DF,pl Poland,28,1992,3,3,270,3.0,0,0,0,0,0,0,0,0.00,0.00,0.00,0.00,0.00,0.0,0.0,0.0,0.0,0.02,0.00,0.02,0.02,0.02,Matches,61b3978f
45,Marcus Berg,FW,se Sweden,34,1986,4,2,178,2.0,0,0,0,0,0,0,0,0.00,0.00,0.00,0.00,0.00,0.9,0.9,0.2,1.1,0.44,0.09,0.54,0.44,0.54,Matches,b39bf63f
46,Steven Berghuis,DFFW,nl Netherlands,29,1991,2,0,55,0.6,0,0,0,0,0,0,0,0.00,0.00,0.00,0.00,0.00,0.0,0.0,0.1,0.2,0.07,0.20,0.27,0.07,0.27,Matches,713c144a
47,Federico Bernardeschi,FW,it Italy,26,1994,4,1,129,1.4,0,0,0,0,0,0,0,0.00,0.00,0.00,0.00,0.00,0.1,0.1,0.4,0.5,0.08,0.28,0.35,0.08,0.35,Matches,ee93c1a9
48,Artem Besedin,FWDF,ua Ukraine,24,1996,3,0,37,0.4,0,0,0,0,0,0,0,0.00,0.00,0.00,0.00,0.00,0.0,0.0,0.0,0.0,0.00,0.08,0.08,0.00,0.08,Matches,11c0fa9d
49,Roman Bezus,MF,ua Ukraine,30,1990,1,0,4,0.0,0,0,0,0,0,0,0,0.00,0.00,0.00,0.00,0.00,0.0,0.0,0.0,0.0,0.00,0.00,0.00,0.00,0.00,Matches,a0b730dc
50,Daley Blind,DF,nl Netherlands,30,1990,4,4,296,3.3,0,0,0,0,0,0,0,0.00,0.00,0.00,0.00,0.00,0.0,0.0,0.6,0.6,0.00,0.17,0.17,0.00,0.17,Matches,691bef82
51,Nicolai Møller Boilesen,DF,dk Denmark,28,1992,1,0,14,0.2,0,0,0,0,0,0,0,0.00,0.00,0.00,0.00,0.00,0.0,0.0,0.0,0.0,0.00,0.00,0.00,0.00,0.00,Matches,08fe932d
52,Leonardo Bonucci,DF,it Italy,33,1987,7,7,675,7.5,1,0,1,0,0,2,0,0.13,0.00,0.13,0.13,0.13,1.0,1.0,0.4,1.4,0.14,0.05,0.18,0.14,0.18,Matches,52ec54d0
53,Jan Bořil,DF,cz Czech Republic,30,1991,4,4,360,4.0,0,0,0,0,0,2,0,0.00,0.00,0.00,0.00,0.00,0.1,0.1,0.1,0.2,0.03,0.01,0.04,0.03,0.04,Matches,2b3efa4a
54,Endre Botka,DF,hu Hungary,26,1994,3,3,270,3.0,0,0,0,0,0,2,0,0.00,0.00,0.00,0.00,0.00,0.0,0.0,0.0,0.0,0.00,0.00,0.00,0.00,0.00,Matches,2cb77ec6
55,Anga Dedryck Boyata,DF,be Belgium,30,1990,2,2,180,2.0,0,0,0,0,0,0,0,0.00,0.00,0.00,0.00,0.00,0.0,0.0,0.0,0.0,0.00,0.01,0.01,0.00,0.01,Matches,7c473e12
56,Jakub Brabec,DF,cz Czech Republic,28,1992,1,0,26,0.3,0,0,0,0,0,0,0,0.00,0.00,0.00,0.00,0.00,0.0,0.0,0.0,0.0,0.00,0.00,0.00,0.00,0.00,Matches,341e14aa
57,Martin Braithwaite Christensen,FWMF,dk Denmark,29,1991,6,6,564,6.3,1,0,1,0,0,0,0,0.16,0.00,0.16,0.16,0.16,1.8,1.8,0.4,2.2,0.29,0.06,0.36,0.29,0.36,Matches,fd771f95
58,Josip Brekalo,FWDF,hr Croatia,22,1998,3,1,113,1.3,0,0,0,0,0,0,0,0.00,0.00,0.00,0.00,0.00,0.0,0.0,0.3,0.3,0.00,0.28,0.28,0.00,0.28,Matches,d4a2533d
59,David Brooks,FWMF,wls Wales,23,1997,3,0,34,0.4,0,0,0,0,0,1,0,0.00,0.00,0.00,0.00,0.00,0.0,0.0,0.0,0.0,0.00,0.00,0.00,0.00,0.00,Matches,dc4cae05
60,Marcelo Brozović,MF,hr Croatia,28,1992,4,3,283,3.1,0,0,0,0,0,2,0,0.00,0.00,0.00,0.00,0.00,0.0,0.0,0.1,0.1,0.01,0.03,0.04,0.01,0.04,Matches,33b8d077
61,Ante Budimir,MF,hr Croatia,29,1991,1,0,42,0.5,0,0,0,0,0,0,0,0.00,0.00,0.00,0.00,0.00,0.9,0.9,0.0,0.9,1.94,0.00,1.94,1.94,1.94,Matches,8f3565b3
62,Heorhii Bushchan,GK,ua Ukraine,26,1994,5,5,480,5.3,0,0,0,0,0,0,0,0.00,0.00,0.00,0.00,0.00,0.0,0.0,0.0,0.0,0.00,0.00,0.00,0.00,0.00,Matches,eb2b33aa
63,Sergio Busquets i Burgos,MF,es Spain,32,1988,4,4,396,4.4,0,0,0,0,0,2,0,0.00,0.00,0.00,0.00,0.00,0.2,0.2,0.3,0.6,0.05,0.08,0.13,0.05,0.13,Matches,5ab0ea87
64,Jens Cajuste,MF,se Sweden,21,1999,1,0,7,0.1,0,0,0,0,0,0,0,0.00,0.00,0.00,0.00,0.00,0.0,0.0,0.0,0.0,0.00,0.00,0.00,0.00,0.00,Matches,928a4a61
65,Uğurcan Çakır,GK,tr Turkey,24,1996,3,3,270,3.0,0,0,0,0,0,0,0,0.00,0.00,0.00,0.00,0.00,0.0,0.0,0.0,0.0,0.00,0.00,0.00,0.00,0.00,Matches,f63a8347
66,Duje Ćaleta-Car,DF,hr Croatia,24,1996,2,2,210,2.3,0,0,0,0,0,2,0,0.00,0.00,0.00,0.00,0.00,0.0,0.0,0.0,0.0,0.00,0.00,0.00,0.00,0.00,Matches,94f8d10c
67,Hakan Çalhanoğlu,MF,tr Turkey,26,1994,3,3,265,2.9,0,1,0,0,0,2,0,0.00,0.34,0.34,0.00,0.34,0.0,0.0,0.5,0.5,0.01,0.17,0.18,0.01,0.18,Matches,cd0fa27b
68,Dominic Calvert-Lewin,FW,eng England,23,1997,2,0,19,0.2,0,0,0,0,0,0,0,0.00,0.00,0.00,0.00,0.00,0.0,0.0,0.0,0.0,0.00,0.00,0.00,0.00,0.00,Matches,59e6e5bf
69,Emre Can,DFMF,de Germany,27,1994,3,0,35,0.4,0,0,0,0,0,0,0,0.00,0.00,0.00,0.00,0.00,0.0,0.0,0.0,0.0,0.00,0.00,0.00,0.00,0.00,Matches,a65ce836
70,Yannick Ferreira Carrasco,MF,be Belgium,27,1993,3,2,138,1.5,0,0,0,0,0,0,0,0.00,0.00,0.00,0.00,0.00,0.1,0.1,0.1,0.2,0.08,0.03,0.11,0.08,0.11,Matches,de39485a
71,William Silva de Carvalho,MF,pt Portugal,28,1992,2,2,137,1.5,0,0,0,0,0,0,0,0.00,0.00,0.00,0.00,0.00,0.0,0.0,0.0,0.0,0.00,0.00,0.00,0.00,0.00,Matches,dee86451
72,Timothy Castagne,DF,be Belgium,25,1995,1,1,26,0.3,0,0,0,0,0,0,0,0.00,0.00,0.00,0.00,0.00,0.0,0.0,0.0,0.0,0.00,0.00,0.00,0.00,0.00,Matches,197640fd
73,Gaetano Castrovilli,MF,it Italy,23,1997,1,0,4,0.0,0,0,0,0,0,0,0,0.00,0.00,0.00,0.00,0.00,0.0,0.0,0.0,0.0,0.00,0.00,0.00,0.00,0.00,Matches,0728bebe
74,Mehmet Zeki Çelik,DF,tr Turkey,23,1997,3,3,270,3.0,0,0,0,0,0,1,0,0.00,0.00,0.00,0.00,0.00,0.0,0.0,0.1,0.1,0.01,0.04,0.05,0.01,0.05,Matches,31a62dc7
75,Ondrej Celustka,DF,cz Czech Republic,31,1989,5,5,424,4.7,0,0,0,0,0,0,0,0.00,0.00,0.00,0.00,0.00,0.0,0.0,0.0,0.0,0.00,0.00,0.00,0.00,0.00,Matches,393a257c
76,Nacer Chadli,DF,be Belgium,31,1989,2,1,94,1.0,0,0,0,0,0,0,0,0.00,0.00,0.00,0.00,0.00,0.1,0.1,0.0,0.1,0.09,0.01,0.10,0.09,0.10,Matches,5b54bf3b
77,Denis Cheryshev,FWMF,ru Russia,30,1990,1,0,33,0.4,0,0,0,0,0,0,0,0.00,0.00,0.00,0.00,0.00,0.0,0.0,0.0,0.0,0.00,0.06,0.06,0.00,0.06,Matches,0ac94a23
78,Giorgio Chiellini,DF,it Italy,36,1984,5,5,443,4.9,0,0,0,0,0,1,0,0.00,0.00,0.00,0.00,0.00,0.1,0.1,0.0,0.1,0.02,0.01,0.02,0.02,0.02,Matches,e85fb9b8
79,Federico Chiesa,FW,it Italy,23,1997,7,4,439,4.9,2,0,2,0,0,0,0,0.41,0.00,0.41,0.41,0.41,0.8,0.8,0.8,1.6,0.17,0.17,0.34,0.17,0.34,Matches,b0f7e36c
80,Andreas Christensen,DF,dk Denmark,24,1996,6,6,518,5.8,1,0,1,0,0,0,0,0.17,0.00,0.17,0.17,0.17,0.2,0.2,0.0,0.2,0.03,0.00,0.03,0.03,0.03,Matches,1cb49278
81,Ryan Christie,FW,sct Scotland,25,1995,1,1,45,0.5,0,0,0,0,0,0,0,0.00,0.00,0.00,0.00,0.00,0.0,0.0,0.1,0.1,0.00,0.27,0.27,0.00,0.27,Matches,26ce2263
82,Darko Churlinov,FW,mk North Macedonia,20,2000,2,0,80,0.9,0,0,0,0,0,0,0,0.00,0.00,0.00,0.00,0.00,0.0,0.0,0.0,0.0,0.00,0.05,0.05,0.00,0.05,Matches,c6608135
83,Viktor Claesson,MFFW,se Sweden,29,1992,4,0,86,1.0,1,0,1,0,0,0,0,1.05,0.00,1.05,1.05,1.05,0.4,0.4,0.0,0.4,0.47,0.00,0.47,0.47,0.47,Matches,b3a712de
84,Kingsley Coman,MFFW,fr France,24,1996,2,0,90,1.0,0,0,0,0,0,1,0,0.00,0.00,0.00,0.00,0.00,0.1,0.1,0.2,0.3,0.14,0.16,0.30,0.14,0.30,Matches,042e8a49
85,Liam Cooper,DF,sct Scotland,29,1991,1,1,90,1.0,0,0,0,0,0,0,0,0.00,0.00,0.00,0.00,0.00,0.0,0.0,0.0,0.0,0.00,0.04,0.04,0.00,0.04,Matches,dc64b8b3
86,Andreas Evald Cornelius,FW,dk Denmark,27,1993,4,0,61,0.7,0,1,0,0,0,0,0,0.00,1.48,1.48,0.00,1.48,0.2,0.2,0.3,0.5,0.30,0.42,0.72,0.30,0.72,Matches,c693347d
87,Vladimír Coufal,DF,cz Czech Republic,28,1992,5,5,450,5.0,0,1,0,0,0,1,0,0.00,0.20,0.20,0.00,0.20,0.1,0.1,0.9,1.0,0.02,0.18,0.20,0.02,0.20,Matches,fdf3cb77
88,Thibaut Courtois,GK,be Belgium,28,1992,5,5,450,5.0,0,0,0,0,0,0,0,0.00,0.00,0.00,0.00,0.00,0.0,0.0,0.0,0.0,0.00,0.00,0.00,0.00,0.00,Matches,1840e36d
89,Bryan Cristante,MF,it Italy,25,1995,6,0,134,1.5,0,0,0,0,0,0,0,0.00,0.00,0.00,0.00,0.00,0.1,0.1,0.0,0.1,0.07,0.02,0.10,0.07,0.10,Matches,16657b95
90,Tamás Cseri,MF,hu Hungary,33,1988,1,0,16,0.2,0,0,0,0,0,0,0,0.00,0.00,0.00,0.00,0.00,0.0,0.0,0.0,0.0,0.00,0.00,0.00,0.00,0.00,Matches,7e2a76e6
91,José Diogo Dalot Teixeira,DF,pt Portugal,21,1999,2,1,102,1.1,0,0,0,0,0,1,0,0.00,0.00,0.00,0.00,0.00,0.0,0.0,0.0,0.0,0.00,0.00,0.00,0.00,0.00,Matches,d9565625
92,Mikkel Damsgaard,MFFW,dk Denmark,20,2000,5,5,325,3.6,2,1,2,0,0,1,0,0.55,0.28,0.83,0.55,0.83,0.8,0.8,0.4,1.2,0.23,0.11,0.34,0.23,0.34,Matches,215f3907
93,Marcus Andreas Danielsson,DF,se Sweden,31,1989,4,4,368,4.1,0,0,0,0,0,1,1,0.00,0.00,0.00,0.00,0.00,0.3,0.3,0.0,0.3,0.09,0.00,0.09,0.09,0.09,Matches,aae48df1
94,Vladimír Darida,MF,cz Czech Republic,30,1990,4,3,247,2.7,0,0,0,0,0,0,0,0.00,0.00,0.00,0.00,0.00,0.1,0.1,0.2,0.3,0.02,0.07,0.09,0.02,0.09,Matches,3eb0f2df
95,Ben Davies,DF,wls Wales,27,1993,4,3,275,3.1,0,0,0,0,0,1,0,0.00,0.00,0.00,0.00,0.00,0.1,0.1,0.0,0.1,0.03,0.00,0.03,0.03,0.03,Matches,44781702
96,Paweł Dawidowicz,DF,pl Poland,25,1995,1,0,6,0.1,0,0,0,0,0,0,0,0.00,0.00,0.00,0.00,0.00,0.0,0.0,0.0,0.0,0.00,0.00,0.00,0.00,0.00,Matches,16bb656a
97,Kevin De Bruyne,MF,be Belgium,29,1991,4,3,271,3.0,1,2,1,0,0,0,0,0.33,0.66,1.00,0.33,1.00,0.2,0.2,2.2,2.5,0.08,0.74,0.82,0.08,0.82,Matches,e46012d4
98,Thomas Delaney,MF,dk Denmark,29,1991,6,6,457,5.1,1,0,1,0,0,1,0,0.20,0.00,0.20,0.20,0.20,0.4,0.4,0.3,0.7,0.08,0.05,0.13,0.08,0.13,Matches,fe641c1a
99,Ousmane Dembélé,FWMF,fr France,23,1997,2,0,31,0.3,0,0,0,0,0,0,0,0.00,0.00,0.00,0.00,0.00,0.0,0.0,0.0,0.1,0.09,0.11,0.19,0.09,0.19,Matches,b19db005
100,Merih Demiral,DF,tr Turkey,22,1998,3,2,225,2.5,0,0,0,0,0,0,0,0.00,0.00,0.00,0.00,0.00,0.1,0.1,0.0,0.1,0.04,0.01,0.05,0.04,0.05,Matches,e3cceee6
101,Jason Denayer,DF,be Belgium,25,1995,2,2,180,2.0,0,0,0,0,0,0,0,0.00,0.00,0.00,0.00,0.00,0.0,0.0,0.0,0.0,0.02,0.00,0.02,0.02,0.02,Matches,47af88b8
102,Leander Dendoncker,MF,be Belgium,25,1995,3,2,149,1.7,0,0,0,0,0,0,0,0.00,0.00,0.00,0.00,0.00,0.1,0.1,0.0,0.1,0.05,0.00,0.05,0.05,0.05,Matches,5a7301ae
103,Memphis Depay,FW,nl Netherlands,26,1994,4,4,325,3.6,2,2,1,1,1,0,0,0.55,0.55,1.11,0.28,0.83,2.3,1.6,1.1,2.6,0.65,0.29,0.94,0.44,0.73,Matches,8f696594
104,İbrahim Halil Dervişoğlu,MF,tr Turkey,21,1999,2,0,31,0.3,0,0,0,0,0,1,0,0.00,0.00,0.00,0.00,0.00,0.0,0.0,0.0,0.0,0.12,0.00,0.12,0.12,0.12,Matches,9d8cf204
105,Giovanni Di Lorenzo,DF,it Italy,27,1993,6,5,585,6.5,0,0,0,0,0,1,0,0.00,0.00,0.00,0.00,0.00,0.6,0.6,0.3,0.8,0.09,0.04,0.13,0.09,0.13,Matches,230a2fac
106,Rúben Santos Gato Alves Dias,DF,pt Portugal,23,1997,4,4,360,4.0,0,0,0,0,0,1,0,0.00,0.00,0.00,0.00,0.00,0.1,0.1,0.0,0.1,0.02,0.00,0.02,0.02,0.02,Matches,31c69ef1
107,Lucas Digne,DF,fr France,27,1993,2,1,96,1.1,0,0,0,0,0,0,0,0.00,0.00,0.00,0.00,0.00,0.0,0.0,0.2,0.2,0.02,0.16,0.17,0.02,0.17,Matches,1b84dbe1
108,Stole Dimitrievski,GK,mk North Macedonia,27,1993,3,3,270,3.0,0,0,0,0,0,0,0,0.00,0.00,0.00,0.00,0.00,0.0,0.0,0.1,0.1,0.00,0.03,0.03,0.00,0.03,Matches,fc70e345
109,Igor Diveev,DF,ru Russia,21,1999,3,2,225,2.5,0,0,0,0,0,1,0,0.00,0.00,0.00,0.00,0.00,0.0,0.0,0.0,0.0,0.01,0.00,0.01,0.01,0.01,Matches,65ad4d98
110,Jeremy Doku,MF,be Belgium,18,2002,2,2,165,1.8,0,0,0,0,0,0,0,0.00,0.00,0.00,0.00,0.00,0.2,0.2,0.2,0.4,0.10,0.13,0.23,0.10,0.23,Matches,fffea3e5
111,Kasper Dolberg,FW,dk Denmark,23,1997,4,3,224,2.5,3,0,3,0,0,0,0,1.21,0.00,1.21,1.21,1.21,0.8,0.8,0.1,0.9,0.31,0.03,0.34,0.31,0.34,Matches,cc83b74d
112,Gianluigi Donnarumma,GK,it Italy,21,1999,7,7,718,8.0,0,0,0,0,0,0,0,0.00,0.00,0.00,0.00,0.00,0.0,0.0,0.0,0.0,0.00,0.00,0.00,0.00,0.00,Matches,08f5afaa
113,Artem Dovbyk,FW,ua Ukraine,23,1997,1,0,15,0.2,1,0,1,0,0,1,0,6.00,0.00,6.00,6.00,6.00,0.7,0.7,0.1,0.8,4.13,0.64,4.77,4.13,4.77,Matches,5b847bb0
114,Aleksandar Dragović,DF,at Austria,29,1991,4,4,338,3.8,0,0,0,0,0,1,0,0.00,0.00,0.00,0.00,0.00,0.1,0.1,0.0,0.1,0.02,0.00,0.02,0.02,0.02,Matches,6fd8a334
115,Martin Dúbravka,GK,sk Slovakia,32,1989,3,3,270,3.0,0,0,0,0,0,1,0,0.00,0.00,0.00,0.00,0.00,0.0,0.0,0.0,0.0,0.00,0.00,0.00,0.00,0.00,Matches,3a949a25
116,Ondrej Duda,FW,sk Slovakia,26,1994,3,3,224,2.5,0,0,0,0,0,2,0,0.00,0.00,0.00,0.00,0.00,0.1,0.1,0.2,0.2,0.02,0.06,0.09,0.02,0.09,Matches,79ca3e23
117,Denzel Dumfries,DF,nl Netherlands,24,1996,4,4,315,3.5,2,0,2,0,0,1,0,0.57,0.00,0.57,0.57,0.57,1.9,1.9,0.3,2.1,0.54,0.07,0.61,0.54,0.61,Matches,481c9ece
118,Michal Ďuriš,FWMF,sk Slovakia,32,1988,3,0,56,0.6,0,0,0,0,0,0,0,0.00,0.00,0.00,0.00,0.00,0.1,0.1,0.0,0.1,0.16,0.00,0.16,0.16,0.16,Matches,2cd081e3
119,Lyndon Dykes,FW,sct Scotland,25,1995,3,3,258,2.9,0,0,0,0,0,0,0,0.00,0.00,0.00,0.00,0.00,1.0,1.0,0.2,1.2,0.35,0.06,0.41,0.35,0.41,Matches,cd92357a
120,Georgiy Dzhikiya,DF,ru Russia,27,1993,3,3,270,3.0,0,0,0,0,0,1,0,0.00,0.00,0.00,0.00,0.00,0.0,0.0,0.0,0.0,0.00,0.00,0.00,0.00,0.00,Matches,e7ef333b
121,Artem Dzyuba,FW,ru Russia,32,1988,3,3,264,2.9,1,1,0,1,1,0,0,0.34,0.34,0.68,0.00,0.34,1.0,0.3,0.4,0.6,0.35,0.13,0.48,0.09,0.22,Matches,448a3608
122,Albin Ekdal,MF,se Sweden,31,1989,4,4,387,4.3,0,0,0,0,0,0,0,0.00,0.00,0.00,0.00,0.00,0.1,0.1,0.4,0.5,0.01,0.10,0.11,0.01,0.11,Matches,f503ea63
123,Eljif Elmas,MFFW,mk North Macedonia,21,1999,3,3,270,3.0,0,0,0,0,0,0,0,0.00,0.00,0.00,0.00,0.00,0.4,0.4,0.0,0.4,0.13,0.01,0.14,0.13,0.14,Matches,cf007308
124,Nico Elvedi,DF,ch Switzerland,24,1996,5,5,510,5.7,0,0,0,0,0,1,0,0.00,0.00,0.00,0.00,0.00,0.2,0.2,0.0,0.2,0.04,0.00,0.04,0.04,0.04,Matches,48035304
125,Breel-Donald Embolo,FW,ch Switzerland,23,1997,5,5,365,4.1,1,0,1,0,0,1,0,0.25,0.00,0.25,0.25,0.25,1.1,1.1,0.6,1.7,0.27,0.15,0.42,0.27,0.42,Matches,0b4f388a
126,Christian Dannemann Eriksen,MF,dk Denmark,28,1992,1,1,42,0.5,0,0,0,0,0,0,0,0.00,0.00,0.00,0.00,0.00,0.1,0.1,0.1,0.2,0.17,0.23,0.40,0.17,0.40,Matches,980522ec
127,Christian Fassnacht,FWMF,ch Switzerland,27,1993,2,0,73,0.8,0,0,0,0,0,0,0,0.00,0.00,0.00,0.00,0.00,0.0,0.0,0.0,0.0,0.00,0.00,0.00,0.00,0.00,Matches,0aeeed3f
128,João Félix Sequeira,FW,pt Portugal,21,1999,1,0,36,0.4,0,0,0,0,0,0,0,0.00,0.00,0.00,0.00,0.00,0.1,0.1,0.0,0.1,0.29,0.00,0.29,0.29,0.29,Matches,8aafd64f
129,Bruno Miguel Borges Fernandes,MF,pt Portugal,26,1994,4,2,206,2.3,0,0,0,0,0,0,0,0.00,0.00,0.00,0.00,0.00,0.1,0.1,0.8,0.9,0.04,0.34,0.38,0.04,0.38,Matches,507c7bdf
130,Mário Figueira Fernandes,DF,ru Russia,30,1990,3,3,205,2.3,0,0,0,0,0,0,0,0.00,0.00,0.00,0.00,0.00,0.1,0.1,0.0,0.1,0.06,0.00,0.06,0.06,0.06,Matches,7c1a0c67
131,Attila Fiola,DF,hu Hungary,30,1990,3,3,264,2.9,1,0,1,0,0,1,0,0.34,0.00,0.34,0.34,0.34,0.4,0.4,0.0,0.4,0.12,0.00,0.12,0.12,0.12,Matches,bb17ccd0
132,Alessandro Florenzi,DF,it Italy,29,1991,2,1,48,0.5,0,0,0,0,0,0,0,0.00,0.00,0.00,0.00,0.00,0.0,0.0,0.0,0.0,0.00,0.00,0.00,0.00,0.00,Matches,e288d4b3
133,Philip Foden,FWMF,eng England,20,2000,3,2,158,1.8,0,0,0,0,0,1,0,0.00,0.00,0.00,0.00,0.00,0.2,0.2,0.1,0.3,0.09,0.08,0.17,0.09,0.17,Matches,ed1e53f3
134,James Forrest,DF,sct Scotland,29,1991,1,0,12,0.1,0,0,0,0,0,0,0,0.00,0.00,0.00,0.00,0.00,0.1,0.1,0.0,0.1,1.02,0.00,1.02,1.02,1.02,Matches,e73659d3
135,Emil Peter Forsberg,MF,se Sweden,29,1991,4,4,369,4.1,4,0,3,1,1,1,0,0.98,0.00,0.98,0.73,0.73,1.7,1.0,0.2,1.2,0.42,0.05,0.47,0.23,0.29,Matches,9a2e0ccc
136,Marcus Forss,FW,fi Finland,21,1999,2,0,8,0.1,0,0,0,0,0,0,0,0.00,0.00,0.00,0.00,0.00,0.0,0.0,0.0,0.0,0.00,0.00,0.00,0.00,0.00,Matches,82c215a0
137,Przemysław Frankowski,DFFW,pl Poland,25,1995,3,0,85,0.9,0,1,0,0,0,0,0,0.00,1.06,1.06,0.00,1.06,0.0,0.0,0.7,0.7,0.00,0.73,0.73,0.00,0.73,Matches,00a8d210
138,Ryan Fraser,MF,sct Scotland,26,1994,2,0,45,0.5,0,0,0,0,0,0,0,0.00,0.00,0.00,0.00,0.00,0.1,0.1,0.2,0.3,0.18,0.47,0.66,0.18,0.66,Matches,d56543a0
139,Remo Freuler,MF,ch Switzerland,28,1992,5,5,459,5.1,0,1,0,0,0,0,1,0.00,0.20,0.20,0.00,0.20,0.0,0.0,0.7,0.7,0.00,0.15,0.15,0.00,0.15,Matches,98d2c2c4
140,Cody Mathès Gakpo,MF,nl Netherlands,21,1999,1,0,12,0.1,0,0,0,0,0,0,0,0.00,0.00,0.00,0.00,0.00,0.0,0.0,0.0,0.0,0.00,0.00,0.00,0.00,0.00,Matches,1971591f
141,Eric García Martret,DF,es Spain,20,2001,3,3,248,2.8,0,0,0,0,0,0,0,0.00,0.00,0.00,0.00,0.00,0.0,0.0,0.0,0.0,0.01,0.00,0.01,0.01,0.01,Matches,2bed3eab
142,Mario Gavranović,FWMF,ch Switzerland,31,1989,5,0,155,1.7,1,0,1,0,0,2,0,0.58,0.00,0.58,0.58,0.58,0.2,0.2,0.2,0.4,0.11,0.11,0.22,0.11,0.22,Matches,aad9c3f3
143,Billy Gilmour,MF,sct Scotland,19,2001,1,1,75,0.8,0,0,0,0,0,0,0,0.00,0.00,0.00,0.00,0.00,0.0,0.0,0.0,0.0,0.00,0.00,0.00,0.00,0.00,Matches,df10e27c
144,Matthias Ginter,DF,de Germany,27,1994,4,4,344,3.8,0,0,0,0,0,2,0,0.00,0.00,0.00,0.00,0.00,0.4,0.4,0.0,0.5,0.12,0.01,0.12,0.12,0.12,Matches,f521b80a
145,Olivier Giroud,FW,fr France,34,1986,2,0,42,0.5,0,0,0,0,0,0,0,0.00,0.00,0.00,0.00,0.00,0.2,0.2,0.1,0.3,0.39,0.19,0.58,0.39,0.58,Matches,16ceb862
146,Kamil Glik,DF,pl Poland,32,1988,3,3,270,3.0,0,0,0,0,0,1,0,0.00,0.00,0.00,0.00,0.00,0.1,0.1,0.1,0.1,0.02,0.02,0.04,0.02,0.04,Matches,c6056d58
147,Serge Gnabry,FW,de Germany,25,1995,4,3,249,2.8,0,0,0,0,0,0,0,0.00,0.00,0.00,0.00,0.00,0.2,0.2,0.1,0.3,0.07,0.05,0.12,0.07,0.12,Matches,88e357ef
148,Aleksandr Golovin,MFFW,ru Russia,24,1996,3,3,270,3.0,0,0,0,0,0,0,0,0.00,0.00,0.00,0.00,0.00,0.3,0.3,0.2,0.5,0.10,0.07,0.17,0.10,0.17,Matches,3708e9fa
149,Leon Goretzka,MFFW,de Germany,25,1995,3,1,141,1.6,1,0,1,0,0,0,0,0.64,0.00,0.64,0.64,0.64,0.4,0.4,0.1,0.5,0.23,0.07,0.30,0.23,0.30,Matches,cc86b9a3
150,Robin Gosens,DF,de Germany,26,1994,4,4,317,3.5,1,1,1,0,0,1,0,0.28,0.28,0.57,0.28,0.57,0.9,0.9,1.1,2.0,0.25,0.31,0.56,0.25,0.56,Matches,2d970560
151,Ryan Gravenberch,MF,nl Netherlands,18,2002,2,1,107,1.2,0,0,0,0,0,0,0,0.00,0.00,0.00,0.00,0.00,0.1,0.1,0.0,0.1,0.07,0.01,0.07,0.07,0.07,Matches,b8e740fb
152,Jack Grealish,FWMF,eng England,25,1995,5,1,176,2.0,0,2,0,0,0,0,0,0.00,1.02,1.02,0.00,1.02,0.1,0.1,1.0,1.1,0.07,0.49,0.55,0.07,0.55,Matches,b0b4fd3e
153,Michael Gregoritsch,FWMF,at Austria,26,1994,3,1,109,1.2,1,0,1,0,0,0,0,0.83,0.00,0.83,0.83,0.83,0.4,0.4,0.2,0.6,0.37,0.16,0.52,0.37,0.52,Matches,8e235926
154,Ján Greguš,FW,sk Slovakia,30,1991,1,0,1,0.0,0,0,0,0,0,0,0,0.00,0.00,0.00,0.00,0.00,0.0,0.0,0.0,0.0,0.00,0.00,0.00,0.00,0.00,Matches,7d974435
155,Antoine Griezmann,MFFW,fr France,29,1991,4,4,353,3.9,1,0,1,0,0,1,0,0.25,0.00,0.25,0.25,0.25,1.0,1.0,0.6,1.7,0.26,0.16,0.42,0.26,0.42,Matches,df69b544
156,Florian Grillitsch,MF,at Austria,25,1995,3,2,225,2.5,0,0,0,0,0,0,0,0.00,0.00,0.00,0.00,0.00,0.0,0.0,0.0,0.0,0.01,0.00,0.01,0.01,0.01,Matches,ffbbc83b
157,Raphaël Adelino José Guerreiro,DF,pt Portugal,27,1993,4,4,360,4.0,1,0,1,0,0,0,0,0.25,0.00,0.25,0.25,0.25,0.2,0.2,0.2,0.3,0.04,0.05,0.09,0.04,0.09,Matches,048a1cbc
158,Péter Gulácsi,GK,hu Hungary,30,1990,3,3,270,3.0,0,0,0,0,0,0,0,0.00,0.00,0.00,0.00,0.00,0.0,0.0,0.0,0.0,0.00,0.00,0.00,0.00,0.00,Matches,bcb2ccd8
159,İlkay Gündoğan,MF,de Germany,30,1990,3,3,219,2.4,0,0,0,0,0,1,0,0.00,0.00,0.00,0.00,0.00,0.1,0.1,0.0,0.1,0.06,0.00,0.06,0.06,0.06,Matches,819b3158
160,Chris Gunter,DF,wls Wales,31,1989,1,1,90,1.0,0,0,0,0,0,1,0,0.00,0.00,0.00,0.00,0.00,0.1,0.1,0.0,0.1,0.07,0.00,0.07,0.07,0.07,Matches,303a53e1
161,Joško Gvardiol,DF,hr Croatia,19,2002,4,4,369,4.1,0,0,0,0,0,0,0,0.00,0.00,0.00,0.00,0.00,0.5,0.5,0.0,0.5,0.12,0.01,0.13,0.12,0.13,Matches,5ad50391
162,Marcel Halstenberg,DF,de Germany,29,1991,1,0,28,0.3,0,0,0,0,0,0,0,0.00,0.00,0.00,0.00,0.00,0.0,0.0,0.1,0.1,0.07,0.39,0.45,0.07,0.45,Matches,8ff2354e
163,Marek Hamšík,MF,sk Slovakia,33,1987,3,3,255,2.8,0,1,0,0,0,0,0,0.00,0.35,0.35,0.00,0.35,0.1,0.1,0.2,0.3,0.05,0.05,0.10,0.05,0.10,Matches,e6ad16b2
164,Dávid Hancko,DF,sk Slovakia,23,1997,1,0,7,0.1,0,0,0,0,0,0,0,0.00,0.00,0.00,0.00,0.00,0.1,0.1,0.0,0.1,1.33,0.00,1.33,1.33,1.33,Matches,4fac8f81
165,Grant Hanley,DF,sct Scotland,29,1991,3,3,212,2.4,0,0,0,0,0,0,0,0.00,0.00,0.00,0.00,0.00,0.2,0.2,0.0,0.2,0.10,0.00,0.10,0.10,0.10,Matches,e9254eec
166,Lukáš Haraslín,FW,sk Slovakia,24,1996,3,2,180,2.0,0,0,0,0,0,0,0,0.00,0.00,0.00,0.00,0.00,0.1,0.1,0.1,0.1,0.04,0.03,0.07,0.04,0.07,Matches,5c397195
167,Ferhan Hasani,FW,mk North Macedonia,30,1990,1,0,23,0.3,0,0,0,0,0,0,0,0.00,0.00,0.00,0.00,0.00,0.0,0.0,0.0,0.0,0.00,0.00,0.00,0.00,0.00,Matches,73f4cba4
168,Kai Havertz,FWMF,de Germany,21,1999,4,4,301,3.3,2,0,2,0,0,1,0,0.60,0.00,0.60,0.60,0.60,2.4,2.4,0.9,3.3,0.72,0.28,1.00,0.72,1.00,Matches,fed7cb61
169,Eden Hazard,MF,be Belgium,30,1991,4,2,227,2.5,0,1,0,0,0,0,0,0.00,0.40,0.40,0.00,0.40,0.3,0.3,0.1,0.5,0.13,0.05,0.18,0.13,0.18,Matches,a39bb753
170,Thorgan Hazard,DF,be Belgium,27,1993,4,4,358,4.0,2,0,2,0,0,1,0,0.50,0.00,0.50,0.50,0.50,0.8,0.8,0.0,0.8,0.21,0.01,0.21,0.21,0.21,Matches,50871bcc
171,Filip Helander,DFMF,se Sweden,27,1993,1,0,20,0.2,0,0,0,0,0,0,0,0.00,0.00,0.00,0.00,0.00,0.0,0.0,0.0,0.0,0.00,0.00,0.00,0.00,0.00,Matches,27f0ddef
172,Jordan Brian Henderson,MF,eng England,30,1990,5,0,154,1.7,1,0,1,0,0,0,0,0.58,0.00,0.58,0.58,0.58,0.3,0.3,0.0,0.3,0.15,0.00,0.15,0.15,0.15,Matches,935e6b8f
173,Jack Hendry,DF,sct Scotland,25,1995,1,1,66,0.7,0,0,0,0,0,0,0,0.00,0.00,0.00,0.00,0.00,0.1,0.1,0.0,0.1,0.12,0.00,0.12,0.12,0.12,Matches,ffed43e3
174,Lucas Hernández Pi,DF,fr France,24,1996,2,2,135,1.5,0,0,0,0,0,1,0,0.00,0.00,0.00,0.00,0.00,0.0,0.0,0.0,0.0,0.00,0.00,0.00,0.00,0.00,Matches,c3ee18ef
175,Martin Hinteregger,DF,at Austria,28,1992,4,4,390,4.3,0,0,0,0,0,1,0,0.00,0.00,0.00,0.00,0.00,0.1,0.1,0.0,0.1,0.03,0.00,0.03,0.03,0.03,Matches,080440a4
176,Adam Hložek,FW,cz Czech Republic,18,2002,4,0,80,0.9,0,0,0,0,0,1,0,0.00,0.00,0.00,0.00,0.00,0.1,0.1,0.2,0.3,0.10,0.25,0.35,0.10,0.35,Matches,5521f419
177,Tomáš Holeš,MF,cz Czech Republic,27,1993,5,4,298,3.3,1,1,1,0,0,0,0,0.30,0.30,0.60,0.30,0.60,0.5,0.5,0.2,0.7,0.16,0.05,0.21,0.16,0.21,Matches,e03c2d97
178,Lukáš Hrádecký,GK,fi Finland,31,1989,3,3,270,3.0,0,0,0,0,0,0,0,0.00,0.00,0.00,0.00,0.00,0.0,0.0,0.0,0.0,0.00,0.00,0.00,0.00,0.00,Matches,ad3389d5
179,Jakub Hromada,MF,sk Slovakia,24,1996,2,2,123,1.4,0,0,0,0,0,0,0,0.00,0.00,0.00,0.00,0.00,0.0,0.0,0.0,0.0,0.00,0.00,0.00,0.00,0.00,Matches,ae3e6d85
180,Patrik Hrošovský,MF,sk Slovakia,28,1992,2,1,95,1.1,0,0,0,0,0,0,0,0.00,0.00,0.00,0.00,0.00,0.0,0.0,0.0,0.0,0.00,0.00,0.00,0.00,0.00,Matches,f2d063ec
181,Tomáš Hubočan,DF,sk Slovakia,35,1985,3,3,263,2.9,0,0,0,0,0,1,0,0.00,0.00,0.00,0.00,0.00,0.0,0.0,0.2,0.2,0.00,0.05,0.05,0.00,0.05,Matches,97b87472
182,Mats Hummels,DF,de Germany,32,1988,4,4,332,3.7,0,1,0,0,0,0,0,0.00,0.27,0.27,0.00,0.27,0.4,0.4,0.2,0.6,0.12,0.04,0.16,0.12,0.16,Matches,05d548d8
183,Pierre-Emile Højbjerg,MF,dk Denmark,25,1995,6,6,570,6.3,0,3,0,0,1,0,0,0.00,0.47,0.47,0.00,0.47,1.0,0.2,0.7,0.9,0.15,0.11,0.27,0.03,0.15,Matches,8b04d6c1
184,Stefan Ilsanker,MFFW,at Austria,31,1989,3,0,27,0.3,0,0,0,0,0,0,0,0.00,0.00,0.00,0.00,0.00,0.0,0.0,0.0,0.0,0.00,0.00,0.00,0.00,0.00,Matches,8494acc4
185,Ciro Immobile,FW,it Italy,30,1990,6,6,440,4.9,2,1,2,0,0,0,0,0.41,0.20,0.61,0.41,0.61,1.7,1.7,0.6,2.3,0.34,0.12,0.46,0.34,0.46,Matches,4431aed2
186,Lorenzo Insigne,FW,it Italy,29,1991,6,6,507,5.6,2,0,2,0,0,1,0,0.36,0.00,0.36,0.36,0.36,1.3,1.3,1.2,2.5,0.23,0.22,0.45,0.23,0.45,Matches,2f557579
187,Alexander Isak,FW,se Sweden,21,1999,4,4,321,3.6,0,2,0,0,0,0,0,0.00,0.56,0.56,0.00,0.56,1.0,1.0,1.5,2.5,0.27,0.43,0.70,0.27,0.70,Matches,8e92be30
188,Luka Ivanušec,FWMF,hr Croatia,22,1998,3,0,67,0.7,0,0,0,0,0,0,0,0.00,0.00,0.00,0.00,0.00,0.0,0.0,0.0,0.0,0.03,0.00,0.03,0.03,0.03,Matches,29fbdc88
189,Daniel James,MFFW,wls Wales,23,1997,4,4,313,3.5,0,0,0,0,0,0,0,0.00,0.00,0.00,0.00,0.00,0.1,0.1,0.5,0.7,0.04,0.15,0.19,0.04,0.19,Matches,c931d9f9
190,Reece James,DF,eng England,21,1999,1,1,90,1.0,0,0,0,0,0,0,0,0.00,0.00,0.00,0.00,0.00,0.1,0.1,0.3,0.4,0.09,0.33,0.43,0.09,0.43,Matches,1265a93a
191,Jakub Jankto,FWMF,cz Czech Republic,25,1996,5,3,246,2.7,0,0,0,0,0,0,0,0.00,0.00,0.00,0.00,0.00,0.2,0.2,0.5,0.7,0.07,0.17,0.25,0.07,0.25,Matches,1ea5f91c
192,Fredrik Jensen,DFFW,fi Finland,23,1997,2,0,7,0.1,0,0,0,0,0,0,0,0.00,0.00,0.00,0.00,0.00,0.0,0.0,0.0,0.0,0.00,0.00,0.00,0.00,0.00,Matches,3eeb80e0
193,Mathias Jensen,MFFW,dk Denmark,25,1996,6,0,146,1.6,0,1,0,0,0,1,0,0.00,0.62,0.62,0.00,0.62,0.1,0.1,0.2,0.3,0.05,0.14,0.20,0.05,0.20,Matches,0f134faf
194,Frenkie de Jong,MF,nl Netherlands,23,1997,4,4,348,3.9,0,0,0,0,0,1,0,0.00,0.00,0.00,0.00,0.00,0.0,0.0,0.4,0.4,0.00,0.11,0.11,0.00,0.11,Matches,1bacc518
195,Luuk de Jong,FW,nl Netherlands,30,1990,2,0,12,0.1,0,0,0,0,0,0,0,0.00,0.00,0.00,0.00,0.00,0.0,0.0,0.0,0.0,0.00,0.00,0.00,0.00,0.00,Matches,abb3bb95
196,Jorge Luiz Frello Filho,MF,it Italy,29,1991,7,7,704,7.8,0,0,0,0,0,1,0,0.00,0.00,0.00,0.00,0.00,0.0,0.0,0.5,0.5,0.00,0.07,0.07,0.00,0.07,Matches,45db685d
197,Diogo José Teixeira da Silva,FWMF,pt Portugal,24,1996,4,4,321,3.6,1,1,1,0,0,0,0,0.28,0.28,0.56,0.28,0.56,1.6,1.6,1.0,2.6,0.45,0.28,0.74,0.45,0.74,Matches,178ae8f8
198,Kamil Jóźwiak,DF,pl Poland,22,1998,3,3,240,2.7,0,1,0,0,0,1,0,0.00,0.37,0.37,0.00,0.37,0.0,0.0,0.3,0.3,0.00,0.10,0.10,0.00,0.10,Matches,bd4e3824
199,Josip Juranović,DF,hr Croatia,25,1995,2,2,163,1.8,0,0,0,0,0,0,0,0.00,0.00,0.00,0.00,0.00,0.0,0.0,0.0,0.0,0.01,0.00,0.01,0.01,0.01,Matches,0a084b35
200,Pavel Kadeřábek,DF,cz Czech Republic,28,1992,1,1,90,1.0,0,0,0,0,0,0,0,0.00,0.00,0.00,0.00,0.00,0.2,0.2,0.0,0.2,0.22,0.00,0.22,0.22,0.22,Matches,79c90e45
201,İrfan Can Kahveci,MF,tr Turkey,25,1995,3,1,113,1.3,1,0,1,0,0,0,0,0.80,0.00,0.80,0.80,0.80,0.1,0.1,0.1,0.2,0.05,0.07,0.12,0.05,0.12,Matches,d2800f47
202,Sasa Kalajdzic,FW,at Austria,23,1997,4,1,112,1.2,1,0,1,0,0,0,0,0.80,0.00,0.80,0.80,0.80,0.4,0.4,0.1,0.5,0.32,0.06,0.38,0.32,0.38,Matches,15f24fe7
203,Tomáš Kalas,DF,cz Czech Republic,27,1993,5,5,450,5.0,0,2,0,0,0,1,0,0.00,0.40,0.40,0.00,0.40,0.0,0.0,0.3,0.3,0.01,0.05,0.06,0.01,0.06,Matches,df618867
204,Glen Kamara,MF,fi Finland,25,1995,3,3,270,3.0,0,0,0,0,0,1,0,0.00,0.00,0.00,0.00,0.00,0.0,0.0,0.0,0.1,0.01,0.01,0.03,0.01,0.03,Matches,4da9191b
205,Harry Kane,FW,eng England,27,1993,7,7,646,7.2,4,0,4,0,1,0,0,0.56,0.00,0.56,0.56,0.56,3.2,2.2,0.5,2.8,0.44,0.07,0.51,0.31,0.38,Matches,21a66f6a
206,N''Golo Kanté,MF,fr France,29,1991,4,4,390,4.3,0,0,0,0,0,0,0,0.00,0.00,0.00,0.00,0.00,0.0,0.0,0.0,0.0,0.01,0.00,0.01,0.01,0.01,Matches,b9fbae28
207,Kenan Karaman,MF,tr Turkey,26,1994,3,2,160,1.8,0,0,0,0,0,0,0,0.00,0.00,0.00,0.00,0.00,0.2,0.2,0.0,0.2,0.10,0.00,0.10,0.10,0.10,Matches,8f0f2230
208,Oleksandr Karavaev,DF,ua Ukraine,28,1992,5,5,480,5.3,0,1,0,0,0,0,0,0.00,0.19,0.19,0.00,0.19,0.2,0.2,0.8,1.0,0.04,0.14,0.18,0.04,0.18,Matches,1bd5735a
209,Vyacheslav Karavaev,DF,ru Russia,25,1995,3,0,137,1.5,0,0,0,0,0,0,0,0.00,0.00,0.00,0.00,0.00,0.0,0.0,0.1,0.1,0.00,0.04,0.04,0.00,0.04,Matches,b0b902c8
210,Joni Ensio Kauko,MFFW,fi Finland,30,1990,3,0,60,0.7,0,0,0,0,0,0,0,0.00,0.00,0.00,0.00,0.00,0.0,0.0,0.0,0.0,0.06,0.00,0.06,0.06,0.06,Matches,fee565d6
211,Joshua Kimmich,DF,de Germany,25,1995,4,4,360,4.0,0,1,0,0,0,1,0,0.00,0.25,0.25,0.00,0.25,0.1,0.1,1.0,1.2,0.04,0.26,0.29,0.04,0.29,Matches,49296448
212,Presnel Kimpembe,DF,fr France,25,1995,4,4,390,4.3,0,0,0,0,0,1,0,0.00,0.00,0.00,0.00,0.00,0.0,0.0,0.1,0.1,0.00,0.01,0.01,0.00,0.01,Matches,aef6e670
213,Simon Thorup Kjær,DF,dk Denmark,31,1989,6,6,528,5.9,0,0,0,0,0,0,0,0.00,0.00,0.00,0.00,0.00,0.6,0.6,0.1,0.7,0.10,0.02,0.12,0.10,0.12,Matches,8b8a56ce
214,László Kleinheisler,MF,hu Hungary,26,1994,3,3,247,2.7,0,0,0,0,0,0,0,0.00,0.00,0.00,0.00,0.00,0.0,0.0,0.0,0.1,0.00,0.01,0.02,0.00,0.02,Matches,af8e4246
215,Mateusz Andrzej Klich,MF,pl Poland,30,1990,3,3,210,2.3,0,0,0,0,0,1,0,0.00,0.00,0.00,0.00,0.00,0.0,0.0,0.2,0.2,0.01,0.09,0.09,0.01,0.09,Matches,282679b4
216,Orkun Kökçü,MF,tr Turkey,20,2000,1,0,11,0.1,0,0,0,0,0,0,0,0.00,0.00,0.00,0.00,0.00,0.0,0.0,0.0,0.0,0.00,0.37,0.37,0.00,0.37,Matches,9bf914b4
217,Jorge Resurrección Merodio,MF,es Spain,29,1992,6,6,477,5.3,0,0,0,0,0,0,0,0.00,0.00,0.00,0.00,0.00,0.8,0.8,0.6,1.4,0.15,0.11,0.26,0.15,0.26,Matches,55126f3b
218,Martin Koscelník,FWDF,sk Slovakia,25,1995,2,1,102,1.1,0,0,0,0,0,0,0,0.00,0.00,0.00,0.00,0.00,0.0,0.0,0.0,0.0,0.04,0.00,0.04,0.04,0.04,Matches,dd788526
219,Tihomir Kostadinov,MFFW,mk North Macedonia,24,1996,2,0,50,0.6,0,0,0,0,0,1,0,0.00,0.00,0.00,0.00,0.00,0.0,0.0,0.0,0.0,0.00,0.04,0.04,0.00,0.04,Matches,426ce75f
220,Jules Koundé,DF,fr France,22,1998,1,1,90,1.0,0,0,0,0,0,0,0,0.00,0.00,0.00,0.00,0.00,0.0,0.0,0.0,0.0,0.00,0.00,0.00,0.00,0.00,Matches,4d1666ff
221,Mateo Kovačić,MF,hr Croatia,26,1994,4,4,338,3.8,0,1,0,0,0,1,0,0.00,0.27,0.27,0.00,0.27,0.1,0.1,0.2,0.3,0.03,0.05,0.07,0.03,0.07,Matches,79c0821a
222,Kacper Kozłowski,FWMF,pl Poland,17,2003,2,0,54,0.6,0,0,0,0,0,0,0,0.00,0.00,0.00,0.00,0.00,0.0,0.0,0.0,0.0,0.00,0.00,0.00,0.00,0.00,Matches,3ece036c
223,Emil Krafth,DF,se Sweden,26,1994,4,0,78,0.9,0,0,0,0,0,0,0,0.00,0.00,0.00,0.00,0.00,0.0,0.0,0.0,0.0,0.02,0.00,0.02,0.02,0.02,Matches,77cf6852
224,Alex Král,MF,cz Czech Republic,22,1998,4,1,127,1.4,0,0,0,0,0,0,0,0.00,0.00,0.00,0.00,0.00,0.0,0.0,0.0,0.0,0.01,0.00,0.01,0.01,0.01,Matches,e717705a
225,Andrej Kramarić,FWMF,hr Croatia,29,1991,4,2,226,2.5,0,1,0,0,0,0,0,0.00,0.40,0.40,0.00,0.40,0.6,0.6,0.0,0.6,0.24,0.02,0.25,0.24,0.25,Matches,603cb947
226,Michael Krmenčík,FW,cz Czech Republic,27,1993,4,0,67,0.7,0,0,0,0,0,1,0,0.00,0.00,0.00,0.00,0.00,0.5,0.5,0.1,0.5,0.62,0.11,0.73,0.62,0.73,Matches,43cd8b69
227,Toni Kroos,MF,de Germany,31,1990,4,4,360,4.0,0,0,0,0,0,0,0,0.00,0.00,0.00,0.00,0.00,0.2,0.2,0.4,0.6,0.05,0.10,0.16,0.05,0.16,Matches,6ce1f46f
228,Grzegorz Krychowiak,MFFW,pl Poland,31,1990,2,2,138,1.5,0,0,0,0,0,3,1,0.00,0.00,0.00,0.00,0.00,0.1,0.1,0.0,0.1,0.06,0.00,0.06,0.06,0.06,Matches,580d52dd
229,Serhiy Kryvtsov,DF,ua Ukraine,29,1991,2,2,154,1.7,0,0,0,0,0,0,0,0.00,0.00,0.00,0.00,0.00,0.0,0.0,0.0,0.0,0.00,0.00,0.00,0.00,0.00,Matches,292a652a
230,Juraj Kucka,MF,sk Slovakia,33,1987,3,3,270,3.0,0,0,0,0,0,0,0,0.00,0.00,0.00,0.00,0.00,0.3,0.3,0.0,0.3,0.09,0.01,0.10,0.09,0.10,Matches,5aaef9ef
231,Fedor Kudryashov,DF,ru Russia,33,1987,1,1,66,0.7,0,0,0,0,0,1,0,0.00,0.00,0.00,0.00,0.00,0.0,0.0,0.0,0.0,0.00,0.00,0.00,0.00,0.00,Matches,ae2d3552
232,Dejan Kulusevski,FW,se Sweden,20,2000,2,1,132,1.5,0,2,0,0,0,1,0,0.00,1.36,1.36,0.00,1.36,0.2,0.2,0.8,0.9,0.12,0.53,0.65,0.12,0.65,Matches,df3cda47
233,Daler Kuzyaev,DFFW,ru Russia,28,1993,3,3,185,2.1,0,0,0,0,0,0,0,0.00,0.00,0.00,0.00,0.00,0.1,0.1,0.0,0.2,0.06,0.02,0.08,0.06,0.08,Matches,d4e93bab
234,Konrad Laimer,FWMF,at Austria,23,1997,4,4,333,3.7,0,1,0,0,0,0,0,0.00,0.27,0.27,0.00,0.27,0.1,0.1,0.1,0.2,0.03,0.03,0.06,0.03,0.06,Matches,c1b7847c
235,Stefan Lainer,DF,at Austria,28,1992,4,4,383,4.3,1,0,1,0,0,1,0,0.23,0.00,0.23,0.23,0.23,0.3,0.3,0.0,0.3,0.06,0.00,0.06,0.06,0.06,Matches,4aea5077
236,Aymeric Laporte,DF,es Spain,26,1994,6,6,630,7.0,1,0,1,0,0,1,0,0.14,0.00,0.14,0.14,0.14,0.2,0.2,0.3,0.5,0.03,0.05,0.07,0.03,0.07,Matches,119b9a8e
237,Lassi Lappalainen,FW,fi Finland,22,1998,1,0,16,0.2,0,0,0,0,0,0,0,0.00,0.00,0.00,0.00,0.00,0.0,0.0,0.0,0.0,0.00,0.00,0.00,0.00,0.00,Matches,bcb2282d
238,Sebastian Larsson,MF,se Sweden,35,1985,4,4,366,4.1,0,0,0,0,0,0,0,0.00,0.00,0.00,0.00,0.00,0.1,0.1,0.2,0.4,0.03,0.05,0.09,0.03,0.09,Matches,b26efc36
239,Valentino Lazaro,FWMF,at Austria,24,1996,1,0,21,0.2,0,0,0,0,0,0,0,0.00,0.00,0.00,0.00,0.00,0.0,0.0,0.1,0.1,0.00,0.44,0.44,0.00,0.44,Matches,016ff750
240,Thomas Lemar,FW,fr France,25,1995,1,0,4,0.0,0,0,0,0,0,0,0,0.00,0.00,0.00,0.00,0.00,0.0,0.0,0.1,0.1,0.00,2.47,2.47,0.00,2.47,Matches,4dbd0916
241,Clément Lenglet,DF,fr France,25,1995,1,1,45,0.5,0,0,0,0,0,0,0,0.00,0.00,0.00,0.00,0.00,0.0,0.0,0.0,0.0,0.00,0.00,0.00,0.00,0.00,Matches,4f28a6ff
242,Dylan Levitt,MF,wls Wales,20,2000,1,0,5,0.1,0,0,0,0,0,0,0,0.00,0.00,0.00,0.00,0.00,0.0,0.0,0.0,0.0,0.00,0.00,0.00,0.00,0.00,Matches,b12d5243
243,Robert Lewandowski,FW,pl Poland,32,1988,3,3,270,3.0,3,0,3,0,0,1,0,1.00,0.00,1.00,1.00,1.00,1.7,1.7,0.3,2.0,0.55,0.10,0.65,0.55,0.65,Matches,8d78e732
244,Philipp Lienhart,DF,at Austria,24,1996,2,0,52,0.6,0,0,0,0,0,0,0,0.00,0.00,0.00,0.00,0.00,0.0,0.0,0.0,0.0,0.00,0.00,0.00,0.00,0.00,Matches,302527b2
245,Matthijs de Ligt,DFMF,nl Netherlands,21,1999,3,3,231,2.6,0,0,0,0,0,0,1,0.00,0.00,0.00,0.00,0.00,1.0,1.0,0.0,1.0,0.39,0.00,0.39,0.39,0.39,Matches,d6e53a3a
246,Victor Nilsson Lindelöf,DF,se Sweden,26,1994,4,4,390,4.3,0,0,0,0,0,0,0,0.00,0.00,0.00,0.00,0.00,0.0,0.0,0.1,0.1,0.00,0.01,0.01,0.00,0.01,Matches,f5deef4c
247,Karol Linetty,MF,pl Poland,25,1995,2,1,79,0.9,1,0,1,0,0,0,0,1.14,0.00,1.14,1.14,1.14,0.5,0.5,0.0,0.5,0.52,0.04,0.56,0.52,0.56,Matches,d023d70f
248,Dominik Livaković,GK,hr Croatia,26,1995,4,4,390,4.3,0,0,0,0,0,0,0,0.00,0.00,0.00,0.00,0.00,0.0,0.0,0.0,0.0,0.00,0.00,0.00,0.00,0.00,Matches,58f077c0
249,Marcos Llorente Moreno,DF,es Spain,26,1995,4,2,247,2.7,0,0,0,0,0,0,0,0.00,0.00,0.00,0.00,0.00,0.5,0.5,0.4,1.0,0.20,0.15,0.35,0.20,0.35,Matches,02c15616
250,Hugo Lloris,GK,fr France,34,1986,4,4,390,4.3,0,0,0,0,0,1,0,0.00,0.00,0.00,0.00,0.00,0.0,0.0,0.0,0.0,0.00,0.00,0.00,0.00,0.00,Matches,8f62b6ee
251,Stanislav Lobotka,MF,sk Slovakia,26,1994,1,0,45,0.5,0,0,0,0,0,0,0,0.00,0.00,0.00,0.00,0.00,0.0,0.0,0.0,0.0,0.00,0.00,0.00,0.00,0.00,Matches,e1cbb531
252,Manuel Locatelli,MF,it Italy,23,1998,5,2,273,3.0,2,0,2,0,0,0,0,0.66,0.00,0.66,0.66,0.66,0.8,0.8,0.1,0.9,0.27,0.04,0.31,0.27,0.31,Matches,a8a874f1
253,Robin Lod,MF,fi Finland,27,1993,3,3,269,3.0,0,0,0,0,0,1,0,0.00,0.00,0.00,0.00,0.00,0.1,0.1,0.6,0.8,0.04,0.21,0.25,0.04,0.25,Matches,33c69aa0
254,Dejan Lovren,DF,hr Croatia,31,1989,2,2,180,2.0,0,0,0,0,0,2,0,0.00,0.00,0.00,0.00,0.00,0.1,0.1,0.0,0.1,0.03,0.00,0.03,0.03,0.03,Matches,1a2935f6
255,Gergő Lovrencsics,DFMF,hu Hungary,32,1988,3,1,100,1.1,0,0,0,0,0,0,0,0.00,0.00,0.00,0.00,0.00,0.0,0.0,0.1,0.1,0.00,0.10,0.10,0.00,0.10,Matches,0176f037
256,José Luis Gayà Peña,DF,es Spain,25,1995,1,1,76,0.8,0,0,0,0,0,0,0,0.00,0.00,0.00,0.00,0.00,0.2,0.2,0.0,0.2,0.18,0.00,0.18,0.18,0.18,Matches,b05e2dbd
257,Romelu Lukaku Menama,FW,be Belgium,27,1993,5,5,443,4.9,4,0,3,1,1,0,0,0.81,0.00,0.81,0.61,0.61,2.9,2.1,0.2,2.3,0.59,0.03,0.62,0.43,0.46,Matches,5eae500a
258,Mikael Lustig,DF,se Sweden,34,1986,4,4,313,3.5,0,0,0,0,0,1,0,0.00,0.00,0.00,0.00,0.00,0.0,0.0,0.1,0.2,0.01,0.04,0.04,0.01,0.04,Matches,54c9ed15
259,Harry Maguire,DF,eng England,27,1993,5,5,510,5.7,1,0,1,0,0,3,0,0.18,0.00,0.18,0.18,0.18,0.4,0.4,0.2,0.5,0.07,0.03,0.09,0.07,0.09,Matches,d8931174
260,Róbert Mak,FW,sk Slovakia,29,1991,3,3,230,2.6,0,0,0,0,0,0,0,0.00,0.00,0.00,0.00,0.00,0.0,0.0,0.0,0.1,0.01,0.01,0.03,0.01,0.03,Matches,73fc8cc3
261,Evgeny Makarenko,MF,ua Ukraine,29,1991,2,0,53,0.6,0,0,0,0,0,0,0,0.00,0.00,0.00,0.00,0.00,0.0,0.0,0.0,0.0,0.04,0.00,0.04,0.04,0.04,Matches,6d1d3dc3
262,Donyell Malen,FW,nl Netherlands,22,1999,4,2,149,1.7,0,2,0,0,0,0,0,0.00,1.21,1.21,0.00,1.21,0.2,0.2,1.9,2.0,0.10,1.14,1.24,0.10,1.24,Matches,864163f3
263,Ruslan Malinovskiy,MFFW,ua Ukraine,27,1993,4,3,284,3.2,0,1,0,0,1,0,0,0.00,0.32,0.32,0.00,0.32,1.3,0.6,2.1,2.6,0.42,0.65,1.07,0.19,0.84,Matches,48d5bd33
264,Marlos Romero Bonfim,FWMF,ua Ukraine,32,1988,2,0,74,0.8,0,0,0,0,0,0,0,0.00,0.00,0.00,0.00,0.00,0.0,0.0,0.0,0.0,0.00,0.00,0.00,0.00,0.00,Matches,9139bb12
265,David Marshall,GK,sct Scotland,35,1985,3,3,270,3.0,0,0,0,0,0,0,0,0.00,0.00,0.00,0.00,0.00,0.0,0.0,0.0,0.0,0.00,0.00,0.00,0.00,0.00,Matches,4d93d433
266,Lukáš Masopust,FW,cz Czech Republic,27,1993,5,5,319,3.5,0,0,0,0,0,1,0,0.00,0.00,0.00,0.00,0.00,0.0,0.0,0.2,0.3,0.01,0.07,0.07,0.01,0.07,Matches,4adc7b42
267,Mykola Matviyenko,DF,ua Ukraine,24,1996,5,5,480,5.3,0,0,0,0,0,0,0,0.00,0.00,0.00,0.00,0.00,0.0,0.0,0.0,0.0,0.00,0.00,0.00,0.00,0.00,Matches,1adcf39e
268,Kevin Mbabu,DF,ch Switzerland,25,1995,5,2,216,2.4,0,1,0,0,0,1,0,0.00,0.42,0.42,0.00,0.42,0.1,0.1,0.4,0.5,0.05,0.15,0.20,0.05,0.20,Matches,493924a7
269,Kylian Mbappé Lottin,FW,fr France,22,1998,4,4,390,4.3,0,1,0,0,0,0,0,0.00,0.23,0.23,0.00,0.23,1.5,1.5,1.4,2.9,0.35,0.32,0.67,0.35,0.67,Matches,42fd9c7f
270,John McGinn,MF,sct Scotland,26,1994,3,3,270,3.0,0,0,0,0,0,1,0,0.00,0.00,0.00,0.00,0.00,0.7,0.7,0.4,1.0,0.22,0.12,0.34,0.22,0.34,Matches,90f91999
271,Callum McGregor,MF,sct Scotland,27,1993,3,2,204,2.3,1,0,1,0,0,0,0,0.44,0.00,0.44,0.44,0.44,0.1,0.1,0.0,0.1,0.03,0.01,0.04,0.03,0.04,Matches,6800f515
272,Scott McKenna,DF,sct Scotland,24,1996,1,0,58,0.6,0,0,0,0,0,1,0,0.00,0.00,0.00,0.00,0.00,0.2,0.2,0.0,0.2,0.37,0.00,0.37,0.37,0.37,Matches,4e5a4cbc
273,Scott McTominay,DFMF,sct Scotland,24,1996,3,3,270,3.0,0,0,0,0,0,0,0,0.00,0.00,0.00,0.00,0.00,0.3,0.3,0.0,0.3,0.10,0.00,0.10,0.10,0.10,Matches,d93c2511
274,Admir Mehmedi,FWMF,ch Switzerland,29,1991,2,0,40,0.4,0,0,0,0,0,0,0,0.00,0.00,0.00,0.00,0.00,0.1,0.1,0.0,0.1,0.12,0.00,0.12,0.12,0.12,Matches,b500b384
275,Chris Mepham,DF,wls Wales,23,1997,3,3,270,3.0,0,0,0,0,0,1,0,0.00,0.00,0.00,0.00,0.00,0.0,0.0,0.0,0.0,0.01,0.00,0.01,0.01,0.01,Matches,fed96827
276,Cengiz Umut Meraş,DF,tr Turkey,25,1995,2,2,161,1.8,0,0,0,0,0,0,0,0.00,0.00,0.00,0.00,0.00,0.0,0.0,0.0,0.0,0.02,0.00,0.02,0.02,0.02,Matches,c8112d1e
277,Dries Mertens,MF,be Belgium,33,1987,4,2,181,2.0,0,1,0,0,0,0,0,0.00,0.50,0.50,0.00,0.50,0.1,0.1,0.1,0.2,0.05,0.03,0.08,0.05,0.08,Matches,89b2c8a9
278,Thomas Meunier,DF,be Belgium,29,1991,5,3,329,3.7,1,2,1,0,0,0,0,0.27,0.55,0.82,0.27,0.82,0.8,0.8,0.3,1.1,0.21,0.08,0.29,0.21,0.29,Matches,e162b013
279,Tyrone Mings,DF,eng England,27,1993,3,2,192,2.1,0,0,0,0,0,0,0,0.00,0.00,0.00,0.00,0.00,0.0,0.0,0.1,0.1,0.00,0.03,0.03,0.00,0.03,Matches,8397a50c
280,Aleksey Miranchuk,MFFW,ru Russia,25,1995,3,2,172,1.9,1,0,1,0,0,0,0,0.52,0.00,0.52,0.52,0.52,0.2,0.2,0.6,0.8,0.09,0.31,0.40,0.09,0.40,Matches,a9aa0d1d
281,Jakub Moder,MF,pl Poland,21,1999,2,1,90,1.0,0,0,0,0,0,1,0,0.00,0.00,0.00,0.00,0.00,0.0,0.0,0.2,0.2,0.00,0.16,0.16,0.00,0.16,Matches,f230bc30
282,Luka Modrić,MF,hr Croatia,35,1985,4,4,383,4.3,1,1,1,0,0,0,0,0.23,0.23,0.47,0.23,0.47,0.1,0.1,0.4,0.6,0.03,0.10,0.13,0.03,0.13,Matches,6025fab1
283,Kieffer Roberto Francisco Moore,FWMF,wls Wales,28,1992,4,3,288,3.2,1,0,1,0,0,2,0,0.31,0.00,0.31,0.31,0.31,0.5,0.5,0.0,0.5,0.15,0.00,0.15,0.15,0.15,Matches,01ce9e70
284,Álvaro Borja Morata Martín,FW,es Spain,28,1992,6,5,449,5.0,3,0,3,0,1,0,0,0.60,0.00,0.60,0.60,0.60,4.1,2.9,0.3,3.2,0.81,0.06,0.87,0.59,0.64,Matches,129af0db
285,Gerard Moreno Balaguero,FW,es Spain,28,1992,5,2,277,3.1,0,2,0,0,1,0,0,0.00,0.65,0.65,0.00,0.65,2.6,1.8,0.3,2.1,0.85,0.09,0.95,0.59,0.68,Matches,81f0781e
286,Joseff Morrell,MF,wls Wales,24,1997,4,4,298,3.3,0,1,0,0,0,0,0,0.00,0.30,0.30,0.00,0.30,0.0,0.0,0.2,0.2,0.01,0.05,0.06,0.01,0.06,Matches,3b935a91
287,Mason Mount,MF,eng England,22,1999,5,5,462,5.1,0,0,0,0,0,0,0,0.00,0.00,0.00,0.00,0.00,0.5,0.5,1.1,1.6,0.10,0.21,0.32,0.10,0.32,Matches,9674002f
288,João Filipe Iria Santos Moutinho,MF,pt Portugal,34,1986,4,2,154,1.7,0,0,0,0,0,0,0,0.00,0.00,0.00,0.00,0.00,0.1,0.1,0.3,0.4,0.06,0.16,0.21,0.06,0.21,Matches,f5a00fa4
289,Maksim Mukhin,MF,ru Russia,19,2001,3,0,58,0.6,0,0,0,0,0,0,0,0.00,0.00,0.00,0.00,0.00,0.0,0.0,0.0,0.0,0.00,0.00,0.00,0.00,0.00,Matches,90463dba
290,Mert Müldür,DF,tr Turkey,21,1999,2,1,109,1.2,0,0,0,0,0,0,0,0.00,0.00,0.00,0.00,0.00,0.5,0.5,0.1,0.6,0.45,0.07,0.52,0.45,0.52,Matches,1295552e
291,Thomas Müller,MFFW,de Germany,31,1989,4,3,292,3.2,0,0,0,0,0,0,0,0.00,0.00,0.00,0.00,0.00,0.9,0.9,0.6,1.5,0.26,0.20,0.46,0.26,0.46,Matches,3c6089ab
292,Jamal Musiala,MFFW,de Germany,17,2003,2,0,10,0.1,0,0,0,0,0,0,0,0.00,0.00,0.00,0.00,0.00,0.0,0.0,0.0,0.0,0.00,0.00,0.00,0.00,0.00,Matches,2c0558b8
293,Visar Musliu,DF,mk North Macedonia,26,1994,3,3,265,2.9,0,0,0,0,0,1,0,0.00,0.00,0.00,0.00,0.00,0.2,0.2,0.0,0.2,0.05,0.01,0.07,0.05,0.07,Matches,9d1f0c99
294,Vitalii Mykolenko,DF,ua Ukraine,21,1999,4,4,354,3.9,0,0,0,0,0,0,0,0.00,0.00,0.00,0.00,0.00,0.0,0.0,0.0,0.0,0.00,0.01,0.01,0.00,0.01,Matches,30d4a2e5
295,Joakim Mæhle,DF,dk Denmark,23,1997,6,6,570,6.3,2,1,2,0,0,0,0,0.32,0.16,0.47,0.32,0.47,1.2,1.2,0.6,1.8,0.19,0.09,0.29,0.19,0.29,Matches,c459a650
296,Ádám Nagy,MF,hu Hungary,25,1995,3,3,267,3.0,0,0,0,0,0,0,0,0.00,0.00,0.00,0.00,0.00,0.0,0.0,0.0,0.0,0.00,0.00,0.00,0.00,0.00,Matches,788b31e2
297,Loïc Négo,DFMF,hu Hungary,30,1991,3,2,206,2.3,0,0,0,0,0,1,0,0.00,0.00,0.00,0.00,0.00,0.0,0.0,0.0,0.1,0.01,0.02,0.02,0.01,0.02,Matches,c3b6fa1e
298,Manuel Neuer,GK,de Germany,34,1986,4,4,360,4.0,0,0,0,0,0,0,0,0.00,0.00,0.00,0.00,0.00,0.0,0.0,0.0,0.0,0.00,0.00,0.00,0.00,0.00,Matches,8778c910
299,Rúben Diogo Da Silva Neves,MF,pt Portugal,23,1997,1,0,19,0.2,0,0,0,0,0,0,0,0.00,0.00,0.00,0.00,0.00,0.0,0.0,0.0,0.0,0.00,0.00,0.00,0.00,0.00,Matches,44bfb6c5
300,Nemanja Nikolić,FW,hu Hungary,33,1987,2,0,68,0.8,0,0,0,0,0,0,0,0.00,0.00,0.00,0.00,0.00,0.0,0.0,0.0,0.0,0.00,0.00,0.00,0.00,0.00,Matches,e24a8b47
301,Boban Nikolov,DFMF,mk North Macedonia,26,1994,3,2,120,1.3,0,0,0,0,0,0,0,0.00,0.00,0.00,0.00,0.00,0.3,0.3,0.1,0.4,0.22,0.10,0.32,0.22,0.32,Matches,35862524
302,Kevin Nisbet,FW,sct Scotland,23,1997,3,0,24,0.3,0,0,0,0,0,0,0,0.00,0.00,0.00,0.00,0.00,0.1,0.1,0.0,0.1,0.43,0.00,0.43,0.43,0.43,Matches,9f9f2ca7
303,Christian Nørgaard,MF,dk Denmark,26,1994,5,0,166,1.8,0,0,0,0,0,0,0,0.00,0.00,0.00,0.00,0.00,0.0,0.0,0.2,0.2,0.00,0.09,0.09,0.00,0.09,Matches,df0a4c90
"304,Stephen O""Donnell,DF,sct Scotland,28,1992,3,3,251,2.8,0,0,0,0,0,1,0,0.00,0.00,0.00,0.00,0.00,0.0,0.0,0.3,0.3,0.01,0.10,0.11,0.01,0.11,Matches,30acf4ba"
"305,Daniel O""Shaughnessy,DF,fi Finland,26,1994,3,3,270,3.0,0,0,0,0,0,1,0,0.00,0.00,0.00,0.00,0.00,0.0,0.0,0.1,0.1,0.00,0.04,0.04,0.00,0.04,Matches,3eeec655"
306,Sérgio Miguel Relvas de Oliveira,MF,pt Portugal,28,1992,2,0,16,0.2,0,0,0,0,0,0,0,0.00,0.00,0.00,0.00,0.00,0.0,0.0,0.0,0.0,0.00,0.00,0.00,0.00,0.00,Matches,947e036f
307,Daniel Olmo Carvajal,FW,es Spain,22,1998,5,3,378,4.2,0,3,0,0,0,0,0,0.00,0.71,0.71,0.00,0.71,2.0,2.0,1.7,3.6,0.47,0.39,0.86,0.47,0.86,Matches,ae44e8e2
308,Robin Olsen,GK,se Sweden,31,1990,4,4,390,4.3,0,0,0,0,0,0,0,0.00,0.00,0.00,0.00,0.00,0.0,0.0,0.0,0.0,0.00,0.00,0.00,0.00,0.00,Matches,e7ee38c3
309,Kristoffer Olsson,MF,se Sweden,25,1995,4,4,336,3.7,0,0,0,0,0,1,0,0.00,0.00,0.00,0.00,0.00,0.0,0.0,0.0,0.0,0.01,0.00,0.01,0.01,0.01,Matches,fa73ccc7
310,Karim Onisiwo,FW,at Austria,28,1992,1,0,7,0.1,0,0,0,0,0,0,0,0.00,0.00,0.00,0.00,0.00,0.1,0.1,0.0,0.1,0.98,0.00,0.98,0.98,0.98,Matches,f26834c7
311,Willi Orban,DF,hu Hungary,28,1992,3,3,270,3.0,0,0,0,0,0,1,0,0.00,0.00,0.00,0.00,0.00,0.0,0.0,0.0,0.0,0.00,0.00,0.00,0.00,0.00,Matches,20030c06
312,Mislav Oršić,FW,hr Croatia,28,1992,1,0,54,0.6,1,1,1,0,0,0,0,1.67,1.67,3.33,1.67,3.33,1.0,1.0,0.3,1.3,1.59,0.56,2.15,1.59,2.15,Matches,ee950928
313,Mikel Oyarzabal Ugarte,FW,es Spain,23,1997,6,1,167,1.9,1,0,1,0,0,0,0,0.54,0.00,0.54,0.54,0.54,0.9,0.9,0.8,1.7,0.48,0.43,0.91,0.48,0.91,Matches,8c3c640c
314,Magomed Ozdoev,MF,ru Russia,28,1992,3,3,210,2.3,0,0,0,0,0,1,0,0.00,0.00,0.00,0.00,0.00,0.4,0.4,0.1,0.5,0.16,0.06,0.21,0.16,0.21,Matches,3ef0af0d
315,João Maria Lobo Alves Palhinha Gonçalves,MF,pt Portugal,25,1995,2,1,122,1.4,0,0,0,0,0,1,0,0.00,0.00,0.00,0.00,0.00,0.1,0.1,0.0,0.1,0.11,0.00,0.11,0.11,0.11,Matches,a78ff07f
316,Emerson Palmieri dos Santos,DF,it Italy,26,1994,4,3,292,3.2,0,0,0,0,0,0,0,0.00,0.00,0.00,0.00,0.00,0.3,0.3,0.1,0.3,0.08,0.02,0.10,0.08,0.10,Matches,e0bc6fdc
317,Goran Pandev,FW,mk North Macedonia,37,1983,3,3,248,2.8,1,0,1,0,0,0,0,0.36,0.00,0.36,0.36,0.36,0.4,0.4,0.3,0.7,0.15,0.11,0.26,0.15,0.26,Matches,d711d04f
318,Mario Pašalić,FWMF,hr Croatia,25,1995,2,0,48,0.5,1,0,1,0,0,0,0,1.87,0.00,1.87,1.87,1.87,0.3,0.3,0.6,1.0,0.62,1.19,1.81,0.62,1.81,Matches,e599253a
319,Rui Pedro dos Santos Patrício,GK,pt Portugal,32,1988,4,4,360,4.0,0,0,0,0,0,0,0,0.00,0.00,0.00,0.00,0.00,0.0,0.0,0.0,0.0,0.00,0.00,0.00,0.00,0.00,Matches,79b0d6a0
320,Nathan Patterson,DF,sct Scotland,19,2001,1,0,7,0.1,0,0,0,0,0,0,0,0.00,0.00,0.00,0.00,0.00,0.0,0.0,0.0,0.0,0.00,0.00,0.00,0.00,0.00,Matches,230f0471
321,Benjamin Pavard,DF,fr France,24,1996,3,3,300,3.3,0,0,0,0,0,2,0,0.00,0.00,0.00,0.00,0.00,0.1,0.1,0.1,0.2,0.03,0.02,0.05,0.03,0.05,Matches,45a03961
322,Pedro González López,MF,es Spain,18,2002,6,6,628,7.0,0,0,0,0,0,0,0,0.00,0.00,0.00,0.00,0.00,0.0,0.0,1.1,1.1,0.00,0.16,0.16,0.00,0.16,Matches,0d9b2d31
323,Peter Pekarík,DF,sk Slovakia,34,1986,3,3,232,2.6,0,0,0,0,0,0,0,0.00,0.00,0.00,0.00,0.00,0.0,0.0,0.1,0.1,0.01,0.04,0.05,0.01,0.05,Matches,c18d22f5
324,Tomáš Pekhart,FW,cz Czech Republic,31,1989,1,0,16,0.2,0,0,0,0,0,0,0,0.00,0.00,0.00,0.00,0.00,0.1,0.1,0.0,0.1,0.47,0.00,0.47,0.47,0.47,Matches,20dbf9e0
325,Pepe,DF,pt Portugal,37,1983,4,4,360,4.0,0,0,0,0,0,1,0,0.00,0.00,0.00,0.00,0.00,0.0,0.0,0.0,0.0,0.01,0.00,0.01,0.01,0.01,Matches,c906ce0f
326,Danilo Luís Hélio Pereira,MF,pt Portugal,29,1991,4,3,238,2.6,0,0,0,0,0,0,0,0.00,0.00,0.00,0.00,0.00,0.2,0.2,0.0,0.2,0.07,0.01,0.08,0.07,0.08,Matches,8fd9996f
327,Ivan Perišić,FW,hr Croatia,31,1989,3,3,260,2.9,2,1,2,0,0,0,0,0.69,0.35,1.04,0.69,1.04,0.3,0.3,0.6,0.9,0.12,0.20,0.32,0.12,0.32,Matches,6fe90922
328,Matteo Pessina,MF,it Italy,23,1997,4,1,192,2.1,2,0,2,0,0,1,0,0.94,0.00,0.94,0.94,0.94,0.8,0.8,0.1,0.9,0.38,0.07,0.44,0.38,0.44,Matches,780e3631
329,Bruno Petković,FW,hr Croatia,26,1994,4,2,172,1.9,0,0,0,0,0,0,0,0.00,0.00,0.00,0.00,0.00,0.2,0.2,0.0,0.2,0.11,0.01,0.13,0.11,0.13,Matches,24228180
330,Kalvin Phillips,MF,eng England,25,1995,7,7,664,7.4,0,1,0,0,0,1,0,0.00,0.14,0.14,0.00,0.14,0.1,0.1,0.3,0.4,0.01,0.04,0.05,0.01,0.05,Matches,4f565d77
331,Jordan Pickford,GK,eng England,26,1994,7,7,690,7.7,0,0,0,0,0,0,0,0.00,0.00,0.00,0.00,0.00,0.0,0.0,0.0,0.0,0.00,0.00,0.00,0.00,0.00,Matches,4806ec67
332,Paul Pogba,MF,fr France,27,1993,4,4,375,4.2,1,1,1,0,0,0,0,0.24,0.24,0.48,0.24,0.48,0.4,0.4,1.2,1.5,0.09,0.28,0.36,0.09,0.36,Matches,867239d3
333,Joel Pohjanpalo,FW,fi Finland,26,1994,3,3,242,2.7,1,0,1,0,0,0,0,0.37,0.00,0.37,0.37,0.37,0.9,0.9,0.1,1.0,0.35,0.04,0.39,0.35,0.39,Matches,ea003d07
334,Yussuf Yurary Poulsen,FW,dk Denmark,26,1994,5,3,295,3.3,2,0,2,0,0,0,0,0.61,0.00,0.61,0.61,0.61,1.4,1.4,0.6,2.0,0.42,0.19,0.61,0.42,0.61,Matches,d2416c2e
335,Dennis Praet,DFMF,be Belgium,26,1994,2,0,31,0.3,0,0,0,0,0,0,0,0.00,0.00,0.00,0.00,0.00,0.0,0.0,0.0,0.0,0.00,0.00,0.00,0.00,0.00,Matches,86695068
336,Quincy Anton Promes,FWDF,nl Netherlands,29,1992,2,0,59,0.7,0,0,0,0,0,0,0,0.00,0.00,0.00,0.00,0.00,0.0,0.0,0.0,0.0,0.04,0.00,0.04,0.04,0.04,Matches,b182a240
337,Tymoteusz Puchacz,DF,pl Poland,22,1999,3,2,152,1.7,0,0,0,0,0,0,0,0.00,0.00,0.00,0.00,0.00,0.0,0.0,0.0,0.0,0.02,0.00,0.02,0.02,0.02,Matches,c68b1b13
338,Teemu Pukki,FW,fi Finland,30,1990,3,3,238,2.6,0,0,0,0,0,0,0,0.00,0.00,0.00,0.00,0.00,0.4,0.4,0.2,0.6,0.16,0.06,0.22,0.16,0.22,Matches,0745b37d
339,Przemysław Płacheta,MF,pl Poland,22,1998,1,0,13,0.1,0,0,0,0,0,0,0,0.00,0.00,0.00,0.00,0.00,0.0,0.0,0.1,0.1,0.19,0.62,0.81,0.19,0.81,Matches,3c33f9d9
340,Robin Quaison,FW,se Sweden,27,1993,4,1,127,1.4,0,0,0,0,0,0,0,0.00,0.00,0.00,0.00,0.00,0.1,0.1,0.0,0.1,0.07,0.00,0.07,0.07,0.07,Matches,74c7c2db
341,Adrien Rabiot,DFMF,fr France,25,1995,4,3,304,3.4,0,0,0,0,0,0,0,0.00,0.00,0.00,0.00,0.00,0.2,0.2,0.0,0.2,0.07,0.00,0.07,0.07,0.07,Matches,8794e251
342,Jukka Raitala,DF,fi Finland,32,1988,3,3,253,2.8,0,0,0,0,0,0,0,0.00,0.00,0.00,0.00,0.00,0.0,0.0,0.0,0.0,0.00,0.00,0.00,0.00,0.00,Matches,67b054d1
343,Aaron Ramsey,MFFW,wls Wales,30,1990,4,4,353,3.9,1,0,1,0,0,0,0,0.25,0.00,0.25,0.25,0.25,1.6,1.6,0.3,1.9,0.42,0.07,0.49,0.42,0.49,Matches,ef619b0b
344,Marcus Rashford,FW,eng England,23,1997,5,0,88,1.0,0,0,0,0,0,0,0,0.00,0.00,0.00,0.00,0.00,0.0,0.0,0.0,0.0,0.00,0.00,0.00,0.00,0.00,Matches,a1d5bd30
345,Giacomo Raspadori,FW,it Italy,20,2000,1,0,16,0.2,0,0,0,0,0,0,0,0.00,0.00,0.00,0.00,0.00,0.1,0.1,0.0,0.1,0.48,0.00,0.48,0.48,0.48,Matches,6e058f06
346,Ante Rebić,FW,hr Croatia,27,1993,4,3,198,2.2,0,0,0,0,0,0,0,0.00,0.00,0.00,0.00,0.00,0.5,0.5,0.1,0.6,0.24,0.03,0.27,0.24,0.27,Matches,536cebe5
347,Declan Rice,MF,eng England,22,1999,7,7,535,5.9,0,0,0,0,0,1,0,0.00,0.00,0.00,0.00,0.00,0.0,0.0,0.0,0.1,0.00,0.01,0.01,0.00,0.01,Matches,1c7012b8
348,Kire Ristevski,MF,mk North Macedonia,30,1990,1,0,6,0.1,0,0,0,0,0,0,0,0.00,0.00,0.00,0.00,0.00,0.0,0.0,0.0,0.0,0.00,0.00,0.00,0.00,0.00,Matches,6974bca3
349,Milan Ristovski,FW,mk North Macedonia,22,1998,1,0,5,0.1,0,0,0,0,0,0,0,0.00,0.00,0.00,0.00,0.00,0.0,0.0,0.0,0.0,0.00,0.00,0.00,0.00,0.00,Matches,ea1ea3ad
350,Stefan Ristovski,DF,mk North Macedonia,28,1992,3,3,270,3.0,0,0,0,0,0,1,0,0.00,0.00,0.00,0.00,0.00,0.0,0.0,0.0,0.0,0.01,0.00,0.01,0.01,0.01,Matches,7e56d3db
351,Connor Roberts,DF,wls Wales,25,1995,4,4,309,3.4,1,0,1,0,0,0,0,0.29,0.00,0.29,0.29,0.29,0.1,0.1,0.2,0.3,0.04,0.04,0.08,0.04,0.08,Matches,24fae784
352,Tyler Roberts,FW,wls Wales,22,1999,1,0,13,0.1,0,0,0,0,0,0,0,0.00,0.00,0.00,0.00,0.00,0.0,0.0,0.0,0.0,0.00,0.00,0.00,0.00,0.00,Matches,6c17e046
353,Andrew Robertson,DF,sct Scotland,26,1994,3,3,270,3.0,0,0,0,0,0,0,0,0.00,0.00,0.00,0.00,0.00,0.1,0.1,1.0,1.1,0.04,0.33,0.37,0.04,0.37,Matches,2e4f5f03
354,Joe Rodon,DF,wls Wales,23,1997,4,4,360,4.0,0,0,0,0,0,1,0,0.00,0.00,0.00,0.00,0.00,0.0,0.0,0.4,0.4,0.00,0.09,0.10,0.00,0.10,Matches,8d62d31a
355,Rodrigo Hernández Cascante,MF,es Spain,24,1996,5,2,227,2.5,0,0,0,0,0,1,0,0.00,0.00,0.00,0.00,0.00,0.3,0.3,0.1,0.4,0.14,0.03,0.16,0.14,0.16,Matches,6434f10d
356,Ricardo Iván Rodríguez Araya,DF,ch Switzerland,28,1992,5,5,476,5.3,0,0,0,0,1,1,0,0.00,0.00,0.00,0.00,0.00,0.8,0.0,0.6,0.6,0.15,0.10,0.25,0.00,0.11,Matches,7f78ad23
357,Cristiano Ronaldo dos Santos Aveiro,FW,pt Portugal,35,1985,4,4,360,4.0,5,1,2,3,3,0,0,1.25,0.25,1.50,0.50,0.75,4.8,2.5,1.2,3.7,1.21,0.29,1.50,0.64,0.93,Matches,dea698d9
358,Marten de Roon,MF,nl Netherlands,29,1991,3,3,235,2.6,0,0,0,0,0,1,0,0.00,0.00,0.00,0.00,0.00,0.0,0.0,0.1,0.1,0.00,0.03,0.04,0.00,0.04,Matches,2a1beb34
359,Antonio Rüdiger,DF,de Germany,27,1993,4,4,360,4.0,0,0,0,0,0,0,0,0.00,0.00,0.00,0.00,0.00,0.1,0.1,0.0,0.1,0.01,0.00,0.01,0.01,0.01,Matches,18b896d6
360,Fabián Ruiz Peña,MF,es Spain,24,1996,3,0,71,0.8,0,0,0,0,0,0,0,0.00,0.00,0.00,0.00,0.00,0.1,0.1,0.0,0.1,0.11,0.00,0.11,0.11,0.11,Matches,c0c7ff58
361,Maciej Rybus,DF,pl Poland,31,1989,1,1,73,0.8,0,1,0,0,0,0,0,0.00,1.23,1.23,0.00,1.23,0.1,0.1,0.2,0.3,0.11,0.30,0.41,0.11,0.41,Matches,86dd16a8
362,Marcel Sabitzer,MF,at Austria,26,1994,4,4,390,4.3,0,1,0,0,0,0,0,0.00,0.23,0.23,0.00,0.23,0.8,0.8,0.6,1.4,0.17,0.14,0.32,0.17,0.32,Matches,e280527c
363,Michal Sadílek,MF,cz Czech Republic,21,1999,1,0,1,0.0,0,0,0,0,0,0,0,0.00,0.00,0.00,0.00,0.00,0.0,0.0,0.0,0.0,0.00,0.00,0.00,0.00,0.00,Matches,7c9fa389
364,Matvey Safonov,GK,ru Russia,21,1999,2,2,180,2.0,0,0,0,0,0,0,0,0.00,0.00,0.00,0.00,0.00,0.0,0.0,0.0,0.0,0.00,0.00,0.00,0.00,0.00,Matches,d97b252e
365,Bukayo Saka,FW,eng England,19,2001,4,3,269,3.0,0,0,0,0,0,0,0,0.00,0.00,0.00,0.00,0.00,0.0,0.0,0.0,0.0,0.00,0.00,0.00,0.00,0.00,Matches,bc7dc64d
366,Roland Sallai,FW,hu Hungary,23,1997,3,3,240,2.7,0,1,0,0,0,0,0,0.00,0.37,0.37,0.00,0.37,0.3,0.3,0.3,0.6,0.11,0.11,0.23,0.11,0.23,Matches,bf075f6b
367,Renato Júnior Luz Sanches,MF,pt Portugal,23,1997,4,2,219,2.4,0,0,0,0,0,0,0,0.00,0.00,0.00,0.00,0.00,0.1,0.1,0.3,0.3,0.03,0.11,0.14,0.03,0.14,Matches,032f894e
368,Jadon Sancho,FW,eng England,20,2000,3,1,98,1.1,0,0,0,0,0,0,0,0.00,0.00,0.00,0.00,0.00,0.0,0.0,0.0,0.0,0.00,0.00,0.00,0.00,0.00,Matches,dbf053da
369,Leroy Sané,FWDF,de Germany,25,1996,4,1,114,1.3,0,0,0,0,0,1,0,0.00,0.00,0.00,0.00,0.00,0.1,0.1,0.0,0.1,0.04,0.02,0.06,0.04,0.06,Matches,2b114be3
370,Pablo Sarabia García,FW,es Spain,28,1992,5,3,253,2.8,2,1,2,0,0,0,0,0.71,0.36,1.07,0.71,1.07,1.1,1.1,1.4,2.5,0.40,0.50,0.90,0.40,0.90,Matches,9744ff80
371,Ľubomír Šatka,DF,sk Slovakia,25,1995,3,3,270,3.0,0,0,0,0,0,0,0,0.00,0.00,0.00,0.00,0.00,0.0,0.0,0.1,0.1,0.00,0.03,0.03,0.00,0.03,Matches,d665d581
372,András Schäfer,MF,hu Hungary,21,1999,3,3,228,2.5,1,0,1,0,0,0,0,0.39,0.00,0.39,0.39,0.39,0.2,0.2,0.1,0.3,0.09,0.02,0.12,0.09,0.12,Matches,049751d7
373,Fabian Lukas Schär,DFMF,ch Switzerland,29,1991,4,2,191,2.1,0,0,0,0,0,1,0,0.00,0.00,0.00,0.00,0.00,0.1,0.1,0.0,0.1,0.06,0.00,0.06,0.06,0.06,Matches,c8aa95da
374,Louis Schaub,MF,at Austria,26,1994,1,0,15,0.2,0,1,0,0,0,0,0,0.00,6.00,6.00,0.00,6.00,0.1,0.1,0.1,0.1,0.47,0.38,0.84,0.47,0.84,Matches,b50ec54b
375,Patrik Schick,FW,cz Czech Republic,25,1996,5,5,400,4.4,5,0,4,1,1,0,0,1.13,0.00,1.13,0.90,0.90,2.4,1.7,0.0,1.7,0.54,0.00,0.54,0.37,0.37,Matches,5d4f7d61
376,Xaver Schlager,MF,at Austria,23,1997,4,4,367,4.1,0,0,0,0,0,0,0,0.00,0.00,0.00,0.00,0.00,0.1,0.1,0.2,0.3,0.04,0.04,0.08,0.04,0.08,Matches,8f056768
377,Kasper Schmeichel,GK,dk Denmark,34,1986,6,6,570,6.3,0,0,0,0,0,0,0,0.00,0.00,0.00,0.00,0.00,0.0,0.0,0.0,0.0,0.00,0.01,0.01,0.00,0.01,Matches,53af52f3
378,Szabolcs Schön,FW,hu Hungary,20,2000,2,0,30,0.3,0,0,0,0,0,0,0,0.00,0.00,0.00,0.00,0.00,0.0,0.0,0.0,0.0,0.00,0.00,0.00,0.00,0.00,Matches,d5ff481a
379,Alessandro Schöpf,FW,at Austria,26,1994,2,0,90,1.0,0,0,0,0,0,0,0,0.00,0.00,0.00,0.00,0.00,0.0,0.0,0.6,0.6,0.03,0.57,0.59,0.03,0.59,Matches,106bca06
380,Rasmus Schüller,MF,fi Finland,29,1991,3,1,113,1.3,0,0,0,0,0,0,0,0.00,0.00,0.00,0.00,0.00,0.0,0.0,0.0,0.0,0.00,0.00,0.00,0.00,0.00,Matches,0e624c72
381,Haris Seferović,FW,ch Switzerland,28,1992,5,5,379,4.2,3,0,3,0,0,0,0,0.71,0.00,0.71,0.71,0.71,1.1,1.1,0.7,1.8,0.27,0.16,0.43,0.27,0.43,Matches,a45eac1f
382,Nélson Cabral Semedo,DF,pt Portugal,27,1993,3,3,258,2.9,0,0,0,0,0,0,0,0.00,0.00,0.00,0.00,0.00,0.0,0.0,0.2,0.2,0.00,0.08,0.08,0.00,0.08,Matches,d04b94db
383,Andrei Semyonov,DF,ru Russia,31,1989,1,1,90,1.0,0,0,0,0,0,0,0,0.00,0.00,0.00,0.00,0.00,0.0,0.0,0.0,0.0,0.00,0.00,0.00,0.00,0.00,Matches,4f2f150e
384,Petr Ševčík,FWMF,cz Czech Republic,26,1994,5,2,228,2.5,0,0,0,0,0,0,0,0.00,0.00,0.00,0.00,0.00,0.0,0.0,0.4,0.4,0.02,0.15,0.17,0.02,0.17,Matches,d4232ba9
385,Mykola Shaparenko,MF,ua Ukraine,22,1998,5,4,321,3.6,0,0,0,0,0,1,0,0.00,0.00,0.00,0.00,0.00,0.1,0.1,0.1,0.2,0.03,0.04,0.07,0.03,0.07,Matches,17e3e467
386,Xherdan Shaqiri,MF,ch Switzerland,29,1991,5,5,366,4.1,3,1,3,0,0,0,0,0.74,0.25,0.98,0.74,0.98,1.4,1.4,0.9,2.2,0.34,0.21,0.55,0.34,0.55,Matches,6421ec64
387,Luke Shaw,DF,eng England,25,1995,6,6,574,6.4,1,3,1,0,0,0,0,0.16,0.47,0.63,0.16,0.63,0.2,0.2,1.2,1.4,0.03,0.18,0.22,0.03,0.22,Matches,9c94165b
388,Anton Shunin,GK,ru Russia,34,1987,1,1,90,1.0,0,0,0,0,0,0,0,0.00,0.00,0.00,0.00,0.00,0.0,0.0,0.0,0.0,0.00,0.00,0.00,0.00,0.00,Matches,5ab84204
389,David Siger,MF,hu Hungary,30,1990,1,0,13,0.1,0,0,0,0,0,0,0,0.00,0.00,0.00,0.00,0.00,0.0,0.0,0.0,0.0,0.00,0.00,0.00,0.00,0.00,Matches,3d2320f7
390,André Miguel Valente Silva,FW,pt Portugal,25,1995,3,0,39,0.4,0,0,0,0,0,0,0,0.00,0.00,0.00,0.00,0.00,0.3,0.3,0.1,0.4,0.72,0.14,0.86,0.72,0.86,Matches,3effaa34
391,Bernardo Mota Veiga de Carvalho e Silva,FWMF,pt Portugal,26,1994,4,4,240,2.7,0,0,0,0,0,0,0,0.00,0.00,0.00,0.00,0.00,0.0,0.0,0.3,0.3,0.00,0.12,0.12,0.00,0.12,Matches,3eb22ec9
392,Rafael Alexandre Fernandes Ferreira da Silva,FWMF,pt Portugal,27,1993,2,0,53,0.6,0,2,0,0,0,0,0,0.00,3.40,3.40,0.00,3.40,0.0,0.0,0.7,0.7,0.00,1.17,1.17,0.00,1.17,Matches,70cf63ca
393,Unai Simón Mendibil,GK,es Spain,23,1997,6,6,630,7.0,0,0,0,0,0,0,0,0.00,0.00,0.00,0.00,0.00,0.0,0.0,0.0,0.0,0.00,0.00,0.00,0.00,0.00,Matches,5dcf3e90
394,Salvatore Sirigu,GK,it Italy,34,1987,1,0,2,0.0,0,0,0,0,0,0,0,0.00,0.00,0.00,0.00,0.00,0.0,0.0,0.0,0.0,0.00,0.00,0.00,0.00,0.00,Matches,10dc46f0
395,Moussa Sissoko,MF,fr France,31,1989,2,0,37,0.4,0,0,0,0,0,0,0,0.00,0.00,0.00,0.00,0.00,0.1,0.1,0.1,0.1,0.14,0.12,0.26,0.14,0.26,Matches,2acd49b9
396,Andreas Skov Olsen,FWMF,dk Denmark,21,1999,2,0,35,0.4,0,0,0,0,0,0,0,0.00,0.00,0.00,0.00,0.00,0.0,0.0,0.1,0.1,0.00,0.27,0.27,0.00,0.27,Matches,c50cee19
397,Milan Škriniar,DF,sk Slovakia,25,1995,3,3,270,3.0,1,0,1,0,0,1,0,0.33,0.00,0.33,0.33,0.33,0.0,0.0,0.0,0.0,0.01,0.00,0.01,0.01,0.01,Matches,30f5ffa9
398,Eduard Sobol,MF,ua Ukraine,25,1995,1,0,1,0.0,0,0,0,0,0,0,0,0.00,0.00,0.00,0.00,0.00,0.0,0.0,0.0,0.0,0.00,0.00,0.00,0.00,0.00,Matches,2ccd89a3
399,Aleksandr Sobolev,FW,ru Russia,23,1997,2,0,36,0.4,0,0,0,0,0,0,0,0.00,0.00,0.00,0.00,0.00,0.0,0.0,0.1,0.1,0.00,0.26,0.26,0.00,0.26,Matches,5a068ec6
400,Pyry Henri Hidipo Soiri,DF,fi Finland,26,1994,1,0,16,0.2,0,0,0,0,0,0,0,0.00,0.00,0.00,0.00,0.00,0.0,0.0,0.0,0.0,0.00,0.00,0.00,0.00,0.00,Matches,59671448
401,Yann Sommer,GK,ch Switzerland,32,1988,5,5,510,5.7,0,0,0,0,0,0,0,0.00,0.00,0.00,0.00,0.00,0.0,0.0,0.0,0.0,0.00,0.00,0.00,0.00,0.00,Matches,420c18a1
402,Tomáš Souček,MF,cz Czech Republic,25,1995,5,5,450,5.0,0,0,0,0,0,0,0,0.00,0.00,0.00,0.00,0.00,0.9,0.9,0.2,1.1,0.18,0.05,0.22,0.18,0.22,Matches,6613c819
403,Djibril Sow,MF,ch Switzerland,23,1997,2,0,47,0.5,0,0,0,0,0,0,0,0.00,0.00,0.00,0.00,0.00,0.0,0.0,0.0,0.0,0.04,0.00,0.04,0.04,0.04,Matches,4c6facae
404,Caglar Söyüncü,DF,tr Turkey,24,1996,3,3,270,3.0,0,0,0,0,0,2,0,0.00,0.00,0.00,0.00,0.00,0.0,0.0,0.0,0.0,0.01,0.00,0.01,0.01,0.01,Matches,21166ff4
405,Tim Sparv,MF,fi Finland,33,1987,2,2,133,1.5,0,0,0,0,0,1,0,0.00,0.00,0.00,0.00,0.00,0.0,0.0,0.0,0.0,0.00,0.00,0.00,0.00,0.00,Matches,52fc493c
406,Leonardo Spinazzola,DF,it Italy,27,1993,4,4,378,4.2,0,2,0,0,0,0,0,0.00,0.48,0.48,0.00,0.48,0.6,0.6,0.7,1.4,0.15,0.18,0.32,0.15,0.32,Matches,3626daea
407,Stefan Spirovski,MF,mk North Macedonia,30,1990,1,1,45,0.5,0,0,0,0,0,0,0,0.00,0.00,0.00,0.00,0.00,0.0,0.0,0.0,0.0,0.00,0.00,0.00,0.00,0.00,Matches,b273f964
408,Maarten Stekelenburg,GK,nl Netherlands,38,1982,4,4,360,4.0,0,0,0,0,0,0,0,0.00,0.00,0.00,0.00,0.00,0.0,0.0,0.0,0.0,0.00,0.00,0.00,0.00,0.00,Matches,fefce889
409,Taras Stepanenko,MF,ua Ukraine,31,1989,2,2,184,2.0,0,0,0,0,0,0,0,0.00,0.00,0.00,0.00,0.00,0.1,0.1,0.0,0.1,0.03,0.01,0.04,0.03,0.04,Matches,ee3519f5
410,Raheem Sterling,FWMF,eng England,26,1994,7,7,639,7.1,3,1,3,0,0,0,0,0.42,0.14,0.56,0.42,0.56,2.4,2.4,0.7,3.2,0.34,0.10,0.44,0.34,0.44,Matches,b400bde0
411,Vlatko Stojanovski,MFFW,mk North Macedonia,23,1997,1,0,13,0.1,0,0,0,0,0,0,0,0.00,0.00,0.00,0.00,0.00,0.0,0.0,0.0,0.0,0.21,0.00,0.21,0.21,0.21,Matches,bb67bff1
412,John Stones,DF,eng England,26,1994,7,7,678,7.5,0,0,0,0,0,0,0,0.00,0.00,0.00,0.00,0.00,0.4,0.4,0.0,0.4,0.06,0.00,0.06,0.06,0.06,Matches,5eecec3d
413,Jens Stryger Larsen,DF,dk Denmark,29,1991,6,3,288,3.2,0,1,0,0,0,0,0,0.00,0.31,0.31,0.00,0.31,0.0,0.0,0.9,0.9,0.00,0.28,0.28,0.00,0.28,Matches,f91e81c9
414,Niklas Süle,DFMF,de Germany,25,1995,1,0,18,0.2,0,0,0,0,0,0,0,0.00,0.00,0.00,0.00,0.00,0.0,0.0,0.0,0.0,0.00,0.00,0.00,0.00,0.00,Matches,e33c06cf
415,Tomáš Suslov,FW,sk Slovakia,18,2002,2,0,26,0.3,0,0,0,0,0,0,0,0.00,0.00,0.00,0.00,0.00,0.0,0.0,0.0,0.0,0.00,0.00,0.00,0.00,0.00,Matches,83fe71b8
416,Gustav Svensson,MF,se Sweden,33,1987,1,0,3,0.0,0,0,0,0,0,0,0,0.00,0.00,0.00,0.00,0.00,0.0,0.0,0.0,0.0,0.00,0.00,0.00,0.00,0.00,Matches,733713ef
417,Karol Świderski,FWMF,pl Poland,24,1997,3,2,163,1.8,0,0,0,0,0,0,0,0.00,0.00,0.00,0.00,0.00,0.3,0.3,0.0,0.4,0.19,0.01,0.20,0.19,0.20,Matches,41723204
418,Jakub Świerczok,FW,pl Poland,28,1992,1,0,30,0.3,0,0,0,0,0,0,0,0.00,0.00,0.00,0.00,0.00,0.1,0.1,0.0,0.1,0.27,0.00,0.27,0.27,0.27,Matches,cc89c822
419,Serhii Sydorchuk,MF,ua Ukraine,29,1991,5,4,372,4.1,0,0,0,0,0,1,0,0.00,0.00,0.00,0.00,0.00,0.1,0.1,0.0,0.1,0.03,0.01,0.03,0.03,0.03,Matches,c71e97ba
420,Ádám Szalai,FW,hu Hungary,33,1987,3,3,196,2.2,1,2,1,0,0,1,0,0.46,0.92,1.38,0.46,1.38,0.3,0.3,0.2,0.5,0.14,0.10,0.24,0.14,0.24,Matches,53e07d0b
421,Attila Szalai,DF,hu Hungary,23,1998,3,3,270,3.0,0,0,0,0,0,0,0,0.00,0.00,0.00,0.00,0.00,0.0,0.0,0.0,0.0,0.00,0.00,0.00,0.00,0.00,Matches,50ff205b
422,Wojciech Szczęsny,GK,pl Poland,30,1990,3,3,270,3.0,0,0,0,0,0,0,0,0.00,0.00,0.00,0.00,0.00,0.0,0.0,0.0,0.0,0.00,0.00,0.00,0.00,0.00,Matches,01b8a2b2
423,Marcus Thuram,MF,fr France,23,1997,1,0,10,0.1,0,0,0,0,0,0,0,0.00,0.00,0.00,0.00,0.00,0.0,0.0,0.1,0.1,0.00,1.13,1.13,0.00,1.13,Matches,6f8cd6d0
424,Youri Tielemans,MF,be Belgium,23,1997,4,4,338,3.8,0,0,0,0,0,1,0,0.00,0.00,0.00,0.00,0.00,0.0,0.0,0.2,0.3,0.01,0.06,0.07,0.01,0.07,Matches,56f7a928
425,Kieran Tierney,DF,sct Scotland,23,1997,2,2,180,2.0,0,0,0,0,0,0,0,0.00,0.00,0.00,0.00,0.00,0.0,0.0,0.0,0.0,0.01,0.01,0.02,0.01,0.02,Matches,fce2302c
426,Jurriën David Norman Timber,DF,nl Netherlands,19,2001,3,1,142,1.6,0,0,0,0,0,0,0,0.00,0.00,0.00,0.00,0.00,0.0,0.0,0.0,0.0,0.02,0.00,0.02,0.02,0.02,Matches,41034650
427,Joona Toivio,DF,fi Finland,32,1988,3,3,264,2.9,0,0,0,0,0,0,0,0.00,0.00,0.00,0.00,0.00,0.0,0.0,0.0,0.0,0.01,0.01,0.01,0.01,0.01,Matches,2794a536
428,Dorukhan Toköz,MF,tr Turkey,24,1996,1,0,5,0.1,0,0,0,0,0,0,0,0.00,0.00,0.00,0.00,0.00,0.0,0.0,0.0,0.0,0.00,0.00,0.00,0.00,0.00,Matches,c9bdb329
429,Corentin Tolisso,FWMF,fr France,26,1994,3,1,82,0.9,0,0,0,0,0,0,0,0.00,0.00,0.00,0.00,0.00,0.0,0.0,0.0,0.1,0.04,0.05,0.09,0.04,0.09,Matches,652d4c37
430,Rafael Tolói,DF,it Italy,30,1990,4,1,159,1.8,0,1,0,0,0,1,0,0.00,0.57,0.57,0.00,0.57,0.0,0.0,0.1,0.1,0.03,0.03,0.06,0.03,0.06,Matches,c56dc39e
431,Ferrán Torres García,FW,es Spain,20,2000,6,4,366,4.1,2,1,2,0,0,0,0,0.49,0.25,0.74,0.49,0.74,1.4,1.4,0.6,2.0,0.35,0.14,0.49,0.35,0.49,Matches,9e1035f8
432,Pau Francisco Torres,DF,es Spain,24,1997,6,3,374,4.2,0,1,0,0,0,1,0,0.00,0.24,0.24,0.00,0.24,0.6,0.6,0.5,1.0,0.14,0.11,0.25,0.14,0.25,Matches,532e1e4f
433,Aleksandar Trajkovski,FW,mk North Macedonia,28,1992,3,2,174,1.9,0,0,0,0,0,1,0,0.00,0.00,0.00,0.00,0.00,0.2,0.2,0.1,0.2,0.09,0.03,0.12,0.09,0.12,Matches,84bba8b6
434,Adama Traoré Diarra,DFFW,es Spain,25,1996,1,0,14,0.2,0,0,0,0,0,0,0,0.00,0.00,0.00,0.00,0.00,0.0,0.0,0.0,0.0,0.00,0.00,0.00,0.00,0.00,Matches,9a28eba4
435,Ivan Trichkovski,FWDF,mk North Macedonia,33,1987,3,1,70,0.8,0,0,0,0,0,0,0,0.00,0.00,0.00,0.00,0.00,0.0,0.0,0.0,0.0,0.00,0.00,0.00,0.00,0.00,Matches,5d4e9f31
436,Christopher Trimmel,DF,at Austria,33,1987,1,0,7,0.1,0,0,0,0,0,0,0,0.00,0.00,0.00,0.00,0.00,0.0,0.0,0.0,0.0,0.00,0.00,0.00,0.00,0.00,Matches,056d2d95
437,Kieran Trippier,DF,eng England,30,1990,5,3,291,3.2,0,1,0,0,0,0,0,0.00,0.31,0.31,0.00,0.31,0.1,0.1,0.4,0.5,0.02,0.13,0.15,0.02,0.15,Matches,21512407
438,Leandro Trossard,DF,be Belgium,26,1994,1,1,74,0.8,0,0,0,0,0,0,0,0.00,0.00,0.00,0.00,0.00,0.1,0.1,0.0,0.1,0.07,0.00,0.07,0.07,0.07,Matches,38ceb24a
439,Viktor Tsygankov,FW,ua Ukraine,23,1997,4,0,142,1.6,0,0,0,0,0,0,0,0.00,0.00,0.00,0.00,0.00,0.4,0.4,0.1,0.5,0.25,0.08,0.32,0.25,0.32,Matches,f7e87032
440,Ozan Tufan,MF,tr Turkey,25,1995,3,3,171,1.9,0,0,0,0,0,0,0,0.00,0.00,0.00,0.00,0.00,0.0,0.0,0.3,0.3,0.03,0.13,0.16,0.03,0.16,Matches,17d45fb2
441,Andreas Ulmer,DF,at Austria,35,1985,2,2,180,2.0,0,0,0,0,0,0,0,0.00,0.00,0.00,0.00,0.00,0.0,0.0,0.0,0.0,0.00,0.00,0.00,0.00,0.00,Matches,1a799243
442,Cengiz Ünder,MF,tr Turkey,23,1997,3,2,206,2.3,0,0,0,0,0,0,0,0.00,0.00,0.00,0.00,0.00,0.5,0.5,0.3,0.7,0.20,0.11,0.31,0.20,0.31,Matches,1880614f
443,Jere Juhani Uronen,DF,fi Finland,26,1994,3,3,249,2.8,0,1,0,0,0,0,0,0.00,0.36,0.36,0.00,0.36,0.0,0.0,0.6,0.6,0.00,0.20,0.20,0.00,0.20,Matches,d75f3980
444,Tomáš Vaclík,GK,cz Czech Republic,31,1989,5,5,450,5.0,0,0,0,0,0,0,0,0.00,0.00,0.00,0.00,0.00,0.0,0.0,0.0,0.0,0.00,0.00,0.00,0.00,0.00,Matches,7b456af7
445,Leo Onni Artturi Väisänen,DF,fi Finland,23,1997,1,0,1,0.0,0,0,0,0,0,0,0,0.00,0.00,0.00,0.00,0.00,0.0,0.0,0.0,0.0,0.00,0.00,0.00,0.00,0.00,Matches,93b56ba5
446,Hans Vanaken,MF,be Belgium,28,1992,1,0,1,0.0,0,0,0,0,0,0,0,0.00,0.00,0.00,0.00,0.00,0.0,0.0,0.0,0.0,0.00,0.00,0.00,0.00,0.00,Matches,392a7aea
447,Raphaël Varane,DF,fr France,27,1993,4,4,390,4.3,0,0,0,0,0,1,0,0.00,0.00,0.00,0.00,0.00,0.2,0.2,0.0,0.3,0.05,0.01,0.06,0.05,0.06,Matches,9f8e9423
448,Kevin Varga,FWDF,hu Hungary,24,1996,2,0,12,0.1,0,0,0,0,0,0,0,0.00,0.00,0.00,0.00,0.00,0.0,0.0,0.0,0.0,0.00,0.00,0.00,0.00,0.00,Matches,4cfa6547
449,Roland Varga,MF,hu Hungary,31,1990,1,0,3,0.0,0,0,0,0,0,0,0,0.00,0.00,0.00,0.00,0.00,0.0,0.0,0.0,0.0,0.00,0.00,0.00,0.00,0.00,Matches,7586ae9b
450,Ruben Vargas,FWMF,ch Switzerland,22,1998,4,0,170,1.9,0,0,0,0,0,0,0,0.00,0.00,0.00,0.00,0.00,0.1,0.1,0.0,0.1,0.04,0.02,0.06,0.04,0.06,Matches,6ecbddf6
451,Darko Velkovski,DF,mk North Macedonia,25,1995,3,3,264,2.9,0,0,0,0,0,1,0,0.00,0.00,0.00,0.00,0.00,0.1,0.1,0.0,0.1,0.04,0.00,0.04,0.04,0.04,Matches,d8ff3b2c
452,Joël Veltman,DF,nl Netherlands,29,1992,1,0,3,0.0,0,0,0,0,0,0,0,0.00,0.00,0.00,0.00,0.00,0.0,0.0,0.0,0.0,0.00,0.00,0.00,0.00,0.00,Matches,dad4b285
453,Thomas Vermaelen,DF,be Belgium,35,1985,5,3,285,3.2,0,0,0,0,0,1,0,0.00,0.00,0.00,0.00,0.00,0.2,0.2,0.0,0.2,0.05,0.00,0.05,0.05,0.05,Matches,d0d79694
454,Marco Verratti,MF,it Italy,28,1992,5,5,397,4.4,0,2,0,0,0,1,0,0.00,0.45,0.45,0.00,0.45,0.2,0.2,1.0,1.2,0.05,0.22,0.26,0.05,0.26,Matches,1467af0d
455,Jan Vertonghen,DF,be Belgium,33,1987,4,4,346,3.8,0,0,0,0,0,0,0,0.00,0.00,0.00,0.00,0.00,0.0,0.0,0.1,0.1,0.00,0.03,0.03,0.00,0.03,Matches,ba23a904
456,Jannik Vestergaard,DF,dk Denmark,28,1992,6,5,485,5.4,0,0,0,0,0,0,0,0.00,0.00,0.00,0.00,0.00,0.5,0.5,0.2,0.7,0.10,0.04,0.13,0.10,0.13,Matches,1900032e
457,Domagoj Vida,DF,hr Croatia,31,1989,4,4,390,4.3,0,0,0,0,0,0,0,0.00,0.00,0.00,0.00,0.00,0.0,0.0,0.0,0.0,0.00,0.00,0.00,0.00,0.00,Matches,3f359b33
458,Nikola Vlašić,FWMF,hr Croatia,23,1997,4,2,203,2.3,1,0,1,0,0,0,0,0.44,0.00,0.44,0.44,0.44,0.4,0.4,0.5,0.9,0.19,0.21,0.39,0.19,0.39,Matches,aa8e289e
459,Kevin Volland,FWDF,de Germany,28,1992,2,0,12,0.1,0,0,0,0,0,0,0,0.00,0.00,0.00,0.00,0.00,0.0,0.0,0.0,0.0,0.00,0.00,0.00,0.00,0.00,Matches,64f69877
460,Stefan de Vrij,DF,nl Netherlands,28,1992,4,4,315,3.5,0,0,0,0,0,0,0,0.00,0.00,0.00,0.00,0.00,0.3,0.3,0.0,0.3,0.08,0.01,0.08,0.08,0.08,Matches,d0d8dd44
461,Šime Vrsaljko,DF,hr Croatia,29,1992,2,2,180,2.0,0,0,0,0,0,0,0,0.00,0.00,0.00,0.00,0.00,0.0,0.0,0.1,0.1,0.00,0.03,0.03,0.00,0.03,Matches,46a8347f
462,Matěj Vydra,FW,cz Czech Republic,28,1992,3,0,38,0.4,0,0,0,0,0,0,0,0.00,0.00,0.00,0.00,0.00,0.0,0.0,0.3,0.3,0.00,0.72,0.72,0.00,0.72,Matches,0d4ceb32
463,Kyle Walker,DF,eng England,30,1990,6,6,599,6.7,0,0,0,0,0,0,0,0.00,0.00,0.00,0.00,0.00,0.0,0.0,0.1,0.1,0.00,0.02,0.02,0.00,0.02,Matches,86dd77d1
464,Danny Ward,GK,wls Wales,27,1993,4,4,360,4.0,0,0,0,0,0,0,0,0.00,0.00,0.00,0.00,0.00,0.0,0.0,0.0,0.0,0.00,0.00,0.00,0.00,0.00,Matches,d3ce0e89
465,Daniel Wass,DF,dk Denmark,31,1989,5,3,268,3.0,0,0,0,0,0,2,0,0.00,0.00,0.00,0.00,0.00,0.1,0.1,0.2,0.3,0.05,0.07,0.12,0.05,0.12,Matches,d83bbc54
466,Wout Weghorst,FW,nl Netherlands,28,1992,4,2,193,2.1,1,0,1,0,0,0,0,0.47,0.00,0.47,0.47,0.47,0.6,0.6,1.0,1.6,0.28,0.46,0.74,0.28,0.74,Matches,c4e87b8b
467,Vladimír Weiss,FW,sk Slovakia,31,1989,2,0,36,0.4,0,0,0,0,0,1,0,0.00,0.00,0.00,0.00,0.00,0.1,0.1,0.0,0.1,0.13,0.00,0.13,0.13,0.13,Matches,1e17dfc7
468,Timo Werner,FW,de Germany,24,1996,3,1,108,1.2,0,0,0,0,0,0,0,0.00,0.00,0.00,0.00,0.00,0.5,0.5,0.0,0.5,0.38,0.00,0.38,0.38,0.38,Matches,49fe9070
469,Silvan Widmer,DF,ch Switzerland,27,1993,4,3,294,3.3,0,0,0,0,0,1,0,0.00,0.00,0.00,0.00,0.00,0.0,0.0,0.0,0.0,0.01,0.00,0.01,0.01,0.01,Matches,f68b64fc
470,Georginio Wijnaldum,MF,nl Netherlands,30,1990,4,4,360,4.0,3,0,3,0,0,0,0,0.75,0.00,0.75,0.75,0.75,2.0,2.0,0.4,2.5,0.51,0.11,0.62,0.51,0.62,Matches,eb58eef0
471,Owen Wijndal,DF,nl Netherlands,21,1999,2,0,53,0.6,0,0,0,0,0,0,0,0.00,0.00,0.00,0.00,0.00,0.0,0.0,0.0,0.0,0.00,0.00,0.00,0.00,0.00,Matches,83300259
472,Neco Williams,DF,wls Wales,19,2001,3,1,137,1.5,0,0,0,0,0,0,0,0.00,0.00,0.00,0.00,0.00,0.0,0.0,0.3,0.3,0.00,0.18,0.18,0.00,0.18,Matches,dd323728
473,Harry Wilson,MFFW,wls Wales,23,1997,3,0,53,0.6,0,0,0,0,0,0,1,0.00,0.00,0.00,0.00,0.00,0.1,0.1,0.1,0.2,0.22,0.16,0.38,0.22,0.38,Matches,c6dc9ecd
474,Jonas Older Wind,FW,dk Denmark,21,1999,2,1,78,0.9,0,0,0,0,0,0,0,0.00,0.00,0.00,0.00,0.00,0.3,0.3,0.1,0.3,0.32,0.07,0.39,0.32,0.39,Matches,2077ae86
475,Axel Witsel,MF,be Belgium,32,1989,4,3,302,3.4,0,0,0,0,0,0,0,0.00,0.00,0.00,0.00,0.00,0.1,0.1,0.2,0.3,0.02,0.07,0.09,0.02,0.09,Matches,5dfc6ad5
476,Granit Xhaka,MF,ch Switzerland,28,1992,4,4,390,4.3,0,1,0,0,0,2,0,0.00,0.23,0.23,0.00,0.23,0.3,0.3,0.3,0.6,0.06,0.08,0.14,0.06,0.14,Matches,e61b8aee
477,Roman Yaremchuk,FW,ua Ukraine,25,1995,5,5,429,4.8,2,1,2,0,0,0,0,0.42,0.21,0.63,0.42,0.63,1.1,1.1,0.1,1.2,0.24,0.02,0.25,0.24,0.25,Matches,cb641b9d
478,Andriy Yarmolenko,FW,ua Ukraine,31,1989,5,5,444,4.9,2,2,2,0,0,1,0,0.41,0.41,0.81,0.41,0.81,1.9,1.9,0.7,2.6,0.39,0.14,0.52,0.39,0.52,Matches,849c826a
479,Yusuf Yazıcı,MFFW,tr Turkey,24,1997,3,1,117,1.3,0,0,0,0,0,0,0,0.00,0.00,0.00,0.00,0.00,0.0,0.0,0.7,0.7,0.04,0.50,0.54,0.04,0.54,Matches,f5c8b425
480,Burak Yılmaz,FW,tr Turkey,35,1985,3,3,270,3.0,0,0,0,0,0,1,0,0.00,0.00,0.00,0.00,0.00,1.0,1.0,0.2,1.2,0.33,0.08,0.41,0.33,0.41,Matches,165a2e40
481,Okay Yokuşlu,MF,tr Turkey,26,1994,3,2,136,1.5,0,0,0,0,0,0,0,0.00,0.00,0.00,0.00,0.00,0.0,0.0,0.0,0.0,0.00,0.00,0.00,0.00,0.00,Matches,e49ce451
482,Illia Zabarnyi,DF,ua Ukraine,18,2002,5,5,480,5.3,0,0,0,0,0,0,0,0.00,0.00,0.00,0.00,0.00,0.3,0.3,0.0,0.3,0.06,0.00,0.06,0.06,0.06,Matches,88968486
483,Denis Lemi Zakaria Lako Lado,MF,ch Switzerland,24,1996,2,1,125,1.4,0,0,0,0,0,0,0,0.00,0.00,0.00,0.00,0.00,0.1,0.1,0.0,0.1,0.04,0.00,0.04,0.04,0.04,Matches,384d58d9
484,Rifat Zhemaletdinov,MF,ru Russia,24,1996,2,0,60,0.7,0,0,0,0,0,0,0,0.00,0.00,0.00,0.00,0.00,0.4,0.4,0.0,0.4,0.62,0.00,0.62,0.62,0.62,Matches,ed87a229
485,Yuri Zhirkov,DF,ru Russia,37,1983,1,1,42,0.5,0,0,0,0,0,0,0,0.00,0.00,0.00,0.00,0.00,0.0,0.0,0.0,0.0,0.00,0.00,0.00,0.00,0.00,Matches,ed2b33cb
486,Piotr Zieliński,MFFW,pl Poland,26,1994,3,3,264,2.9,0,1,0,0,0,0,0,0.00,0.34,0.34,0.00,0.34,0.3,0.3,0.4,0.6,0.10,0.13,0.22,0.10,0.22,Matches,a5296e55
487,Oleksandr Zinchenko,MFDF,ua Ukraine,24,1996,5,5,480,5.3,1,1,1,0,0,0,0,0.19,0.19,0.37,0.19,0.37,0.1,0.1,0.7,0.8,0.02,0.13,0.16,0.02,0.16,Matches,51cf8561
488,Roman Zobnin,MFFW,ru Russia,26,1994,3,3,242,2.7,0,0,0,0,0,0,0,0.00,0.00,0.00,0.00,0.00,0.1,0.1,0.2,0.3,0.04,0.06,0.10,0.04,0.10,Matches,0a215326
489,Steven Zuber,DFFW,ch Switzerland,29,1991,4,3,284,3.2,0,4,0,0,0,0,0,0.00,1.27,1.27,0.00,1.27,0.7,0.7,0.8,1.4,0.22,0.24,0.45,0.22,0.45,Matches,b6a6e0a7
490,Oleksandr Zubkov,FW,ua Ukraine,24,1996,1,1,12,0.1,0,0,0,0,0,0,0,0.00,0.00,0.00,0.00,0.00,0.0,0.0,0.0,0.0,0.00,0.00,0.00,0.00,0.00,Matches,adfbe1f5
